"score"	"kind"	"path"	"body_chars"	"headings"	"internal_links"	"reasons"
"7"	"content"	"acupuncture/extraordinary/index.md"	"221"	"2"	"9"	"very short; few sections"
"7"	"content"	"acupuncture/meridians/index.md"	"301"	"2"	"13"	"very short; few sections"
"7"	"content"	"acupuncture-clinical/index.md"	"343"	"1"	"4"	"very short; few sections"
"7"	"content"	"acupuncture-clinical/modality-comparison.md"	"439"	"2"	"3"	"very short; few sections"
"7"	"content"	"acupuncture-integrated/index.md"	"405"	"1"	"7"	"very short; few sections"
"7"	"content"	"acupuncture-integrated/modalities.md"	"356"	"2"	"4"	"very short; few sections"
"7"	"content"	"answer-guides/dialect-content-policy.md"	"494"	"4"	"0"	"very short; few links"
"7"	"content"	"answer-guides/heel-first-step-pain-guide.md"	"322"	"6"	"1"	"very short; few links"
"7"	"content"	"authority/conditions/index.md"	"345"	"2"	"6"	"very short; few sections"
"7"	"content"	"authority/herbs/index.md"	"300"	"1"	"8"	"very short; few sections"
"7"	"content"	"autonomic/fatigue-recovery.md"	"311"	"2"	"4"	"very short; few sections"
"7"	"content"	"autonomic/index.md"	"407"	"1"	"8"	"very short; few sections"
"7"	"content"	"autonomic/integrated-map.md"	"383"	"1"	"3"	"very short; few sections"
"7"	"content"	"autonomic/palpitations.md"	"348"	"2"	"5"	"very short; few sections"
"7"	"content"	"autonomic/stress-digestion.md"	"354"	"2"	"6"	"very short; few sections"
"7"	"content"	"autonomic/stress-sleep.md"	"355"	"2"	"7"	"very short; few sections"
"7"	"content"	"bangyakhappyeon-network/boncho-yakseongga.md"	"289"	"2"	"3"	"very short; few sections"
"7"	"content"	"bangyakhappyeon-network/clinical-navigation.md"	"285"	"2"	"3"	"very short; few sections"
"7"	"content"	"bangyakhappyeon-network/donguibogam-comparison.md"	"353"	"2"	"3"	"very short; few sections"
"7"	"content"	"bangyakhappyeon-network/index.md"	"360"	"1"	"6"	"very short; few sections"
"7"	"content"	"bangyakhappyeon-network/integrated-map.md"	"283"	"2"	"3"	"very short; few sections"
"7"	"content"	"bangyakhappyeon-network/sang-jung-ha.md"	"334"	"2"	"3"	"very short; few sections"
"7"	"content"	"bangyakhappyeon-network/seven-formulas-ten-agents.md"	"300"	"2"	"3"	"very short; few sections"
"7"	"content"	"bangyakhappyeon-network/what-is-bangyakhappyeon.md"	"305"	"2"	"3"	"very short; few sections"
"7"	"content"	"classics/shanghanlun.md"	"281"	"4"	"1"	"very short; few links"
"7"	"content"	"classics-network/donguibogam.md"	"287"	"2"	"4"	"very short; few sections"
"7"	"content"	"classics-network/donguisusebowon.md"	"307"	"2"	"4"	"very short; few sections"
"7"	"content"	"classics-network/huangdi-neijing.md"	"298"	"2"	"4"	"very short; few sections"
"7"	"content"	"classics-network/index.md"	"355"	"1"	"7"	"very short; few sections"
"7"	"content"	"classics-network/integrated-map.md"	"308"	"1"	"5"	"very short; few sections"
"7"	"content"	"classics-network/jingui-yaolue.md"	"302"	"2"	"5"	"very short; few sections"
"7"	"content"	"classics-network/shanghan-lun.md"	"304"	"2"	"4"	"very short; few sections"
"7"	"content"	"clinical-reasoning/index.md"	"372"	"1"	"9"	"very short; few sections"
"7"	"content"	"clinical-reasoning/integrated-map.md"	"477"	"2"	"3"	"very short; few sections"
"7"	"content"	"clinical-safety/digestive-red-flags.md"	"415"	"2"	"5"	"very short; few sections"
"7"	"content"	"clinical-safety/index.md"	"438"	"1"	"7"	"very short; few sections"
"7"	"content"	"compare/acupuncture-vs-electroacupuncture.md"	"281"	"1"	"4"	"very short; few sections"
"7"	"content"	"compare/acupuncture-vs-pharmacopuncture.md"	"285"	"1"	"3"	"very short; few sections"
"7"	"content"	"compare/buzhong-vs-sipjeondaebo.md"	"353"	"1"	"4"	"very short; few sections"
"7"	"content"	"compare/gongjin-vs-gyeongok.md"	"409"	"1"	"5"	"very short; few sections"
"7"	"content"	"compare/guibi-vs-wendan.md"	"263"	"1"	"4"	"very short; few sections"
"7"	"content"	"compare/index.md"	"349"	"1"	"7"	"very short; few sections"
"7"	"content"	"compare/sijunzi-vs-liujunzi.md"	"341"	"1"	"4"	"very short; few sections"
"7"	"content"	"concepts/heart-spleen-deficiency.md"	"285"	"1"	"5"	"very short; few sections"
"7"	"content"	"concepts/index.md"	"413"	"1"	"8"	"very short; few sections"
"7"	"content"	"concepts/spleen-qi-sinking.md"	"267"	"1"	"5"	"very short; few sections"
"7"	"content"	"concepts/wind-cold-damp-bi.md"	"298"	"4"	"1"	"very short; few links"
"7"	"content"	"diagnostics/differentials/blood-stasis-vs-cold-damp-pain.md"	"338"	"2"	"2"	"very short; few sections"
"7"	"content"	"diagnostics/differentials/phlegm-vs-food-stagnation.md"	"266"	"2"	"2"	"very short; few sections"
"7"	"content"	"diagnostics/patterns/blood-stasis.md"	"303"	"5"	"1"	"very short; few links"
"7"	"content"	"diagnostics/patterns/cold-damp.md"	"272"	"5"	"1"	"very short; few links"
"7"	"content"	"diagnostics/patterns/kidney-deficiency.md"	"273"	"5"	"1"	"very short; few links"
"7"	"content"	"diagnostics/patterns/liver-qi-stagnation.md"	"287"	"5"	"1"	"very short; few links"
"7"	"content"	"diagnostics/patterns/qi-deficiency.md"	"277"	"5"	"1"	"very short; few links"
"7"	"content"	"donguibogam-network/chimgu.md"	"231"	"1"	"3"	"very short; few sections"
"7"	"content"	"donguibogam-network/clinical-navigation.md"	"376"	"2"	"4"	"very short; few sections"
"7"	"content"	"donguibogam-network/index.md"	"328"	"1"	"8"	"very short; few sections"
"7"	"content"	"donguibogam-network/integrated-map.md"	"292"	"1"	"4"	"very short; few sections"
"7"	"content"	"donguibogam-network/japbyeong.md"	"380"	"2"	"5"	"very short; few sections"
"7"	"content"	"donguibogam-network/naegyeong.md"	"344"	"2"	"4"	"very short; few sections"
"7"	"content"	"donguibogam-network/oehyeong.md"	"354"	"2"	"4"	"very short; few sections"
"7"	"content"	"donguibogam-network/tangaek.md"	"215"	"1"	"3"	"very short; few sections"
"7"	"content"	"donguibogam-network/yangsaeng-prevention.md"	"352"	"2"	"4"	"very short; few sections"
"7"	"content"	"donguisusebowon-network/exterior-interior-patterns.md"	"392"	"2"	"4"	"very short; few sections"
"7"	"content"	"donguisusebowon-network/four-constitutions.md"	"355"	"2"	"4"	"very short; few sections"
"7"	"content"	"donguisusebowon-network/index.md"	"452"	"1"	"8"	"very short; few sections"
"7"	"content"	"donguisusebowon-network/integrated-map.md"	"272"	"1"	"3"	"very short; few sections"
"7"	"content"	"donguisusebowon-network/lifestyle-emotion.md"	"268"	"1"	"3"	"very short; few sections"
"7"	"content"	"donguisusebowon-network/ordinary-symptoms-patterns.md"	"398"	"2"	"4"	"very short; few sections"
"7"	"content"	"donguisusebowon-network/seongmyeong-sadan.md"	"362"	"2"	"4"	"very short; few sections"
"7"	"content"	"donguisusebowon-network/treatment-principles.md"	"331"	"2"	"4"	"very short; few sections"
"7"	"content"	"donguisusebowon-network/zangbu-physiology.md"	"355"	"2"	"4"	"very short; few sections"
"7"	"content"	"eight-principles-network/clinical-reasoning.md"	"325"	"2"	"3"	"very short; few sections"
"7"	"content"	"eight-principles-network/cold-heat.md"	"331"	"2"	"3"	"very short; few sections"
"7"	"content"	"eight-principles-network/combined-patterns.md"	"317"	"2"	"3"	"very short; few sections"
"7"	"content"	"eight-principles-network/comparison.md"	"410"	"2"	"3"	"very short; few sections"
"7"	"content"	"eight-principles-network/deficiency-excess.md"	"315"	"2"	"3"	"very short; few sections"
"7"	"content"	"eight-principles-network/exterior-interior.md"	"297"	"2"	"3"	"very short; few sections"
"7"	"content"	"eight-principles-network/index.md"	"342"	"1"	"7"	"very short; few sections"
"7"	"content"	"eight-principles-network/treatment-map.md"	"352"	"2"	"4"	"very short; few sections"
"7"	"content"	"eight-principles-network/yin-yang.md"	"302"	"2"	"3"	"very short; few sections"
"7"	"content"	"evidence-clinical/evidence-levels.md"	"355"	"2"	"3"	"very short; few sections"
"7"	"content"	"evidence-clinical/index.md"	"315"	"1"	"6"	"very short; few sections"
"7"	"content"	"evidence-guide/index.md"	"379"	"1"	"7"	"very short; few sections"
"7"	"content"	"evidence-integrated/herbal-evidence.md"	"336"	"2"	"4"	"very short; few sections"
"7"	"content"	"formula-architecture/bi-syndrome-family.md"	"361"	"2"	"2"	"very short; few sections"
"7"	"content"	"formula-architecture/insomnia-family.md"	"281"	"2"	"2"	"very short; few sections"
"7"	"content"	"formula-architecture/siwu-qi-blood-family.md"	"482"	"2"	"5"	"very short; few sections"
"7"	"content"	"formula-architecture/spleen-phlegm-family.md"	"329"	"2"	"2"	"very short; few sections"
"7"	"content"	"formula-architecture/tonic-family.md"	"397"	"2"	"4"	"very short; few sections"
"7"	"content"	"foundations/zangfu.md"	"264"	"2"	"3"	"very short; few sections"
"7"	"content"	"foundations-clinical/eight-principles-bridge.md"	"315"	"2"	"4"	"very short; few sections"
"7"	"content"	"foundations-clinical/index.md"	"323"	"1"	"6"	"very short; few sections"
"7"	"content"	"foundations-clinical/pattern-to-treatment.md"	"314"	"2"	"3"	"very short; few sections"
"7"	"content"	"foundations-clinical/qi-blood-fluid.md"	"307"	"2"	"3"	"very short; few sections"
"7"	"content"	"foundations-clinical/yinyang-fivephases.md"	"316"	"2"	"3"	"very short; few sections"
"7"	"content"	"foundations-integrated/diagnosis.md"	"312"	"2"	"4"	"very short; few sections"
"7"	"content"	"guide/citation-policy.md"	"214"	"4"	"0"	"very short; few links"
"7"	"content"	"guide/index.md"	"144"	"1"	"4"	"very short; few sections"
"7"	"content"	"guide/taxonomy.md"	"462"	"2"	"3"	"very short; few sections"
"7"	"content"	"herbal-formula-clinical/evidence.md"	"325"	"2"	"3"	"very short; few sections"
"7"	"content"	"herbal-formula-clinical/formula-architecture.md"	"349"	"2"	"3"	"very short; few sections"
"7"	"content"	"herbal-formula-clinical/herb-to-formula.md"	"320"	"2"	"3"	"very short; few sections"
"7"	"content"	"herbal-formula-clinical/index.md"	"313"	"1"	"7"	"very short; few sections"
"7"	"content"	"herbal-formula-clinical/symptom-to-formula.md"	"299"	"2"	"3"	"very short; few sections"
"7"	"content"	"herbal-formula-clinical/treatment-directions.md"	"298"	"2"	"3"	"very short; few sections"
"7"	"content"	"history/classics-flow.md"	"492"	"2"	"7"	"very short; few sections"
"7"	"content"	"history/index.md"	"322"	"2"	"5"	"very short; few sections"
"7"	"content"	"immune-allergy/index.md"	"463"	"1"	"8"	"very short; few sections"
"7"	"content"	"jingui-network/abdominal-cold-food-retention.md"	"337"	"2"	"4"	"very short; few sections"
"7"	"content"	"jingui-network/chest-bi-heart-pain.md"	"317"	"2"	"4"	"very short; few sections"
"7"	"content"	"jingui-network/clinical-reasoning.md"	"388"	"2"	"5"	"very short; few sections"
"7"	"content"	"jingui-network/consumptive-deficiency.md"	"332"	"2"	"4"	"very short; few sections"
"7"	"content"	"jingui-network/formula-map.md"	"422"	"2"	"4"	"very short; few sections"
"7"	"content"	"jingui-network/gynecology.md"	"311"	"2"	"4"	"very short; few sections"
"7"	"content"	"jingui-network/index.md"	"455"	"1"	"9"	"very short; few sections"
"7"	"content"	"jingui-network/integrated-map.md"	"249"	"1"	"3"	"very short; few sections"
"7"	"content"	"jingui-network/misc-disease-framework.md"	"346"	"2"	"4"	"very short; few sections"
"7"	"content"	"jingui-network/phlegm-fluid.md"	"362"	"2"	"4"	"very short; few sections"
"7"	"content"	"meridian-network/special-points/xi-cleft.md"	"355"	"4"	"1"	"very short; few links"
"7"	"content"	"neijing-network/diagnosis.md"	"329"	"2"	"4"	"very short; few sections"
"7"	"content"	"neijing-network/index.md"	"367"	"1"	"8"	"very short; few sections"
"7"	"content"	"neijing-network/integrated-map.md"	"217"	"1"	"3"	"very short; few sections"
"7"	"content"	"neijing-network/meridian-concepts.md"	"341"	"2"	"5"	"very short; few sections"
"7"	"content"	"neijing-network/pathogenesis.md"	"329"	"2"	"4"	"very short; few sections"
"7"	"content"	"neijing-network/prevention.md"	"377"	"2"	"4"	"very short; few sections"
"7"	"content"	"neijing-network/qi-blood-fluids.md"	"305"	"2"	"4"	"very short; few sections"
"7"	"content"	"neijing-network/yinyang-human-body.md"	"318"	"2"	"4"	"very short; few sections"
"7"	"content"	"neijing-network/zangfu-system.md"	"355"	"2"	"5"	"very short; few sections"
"7"	"content"	"network/condition-to-treatment-map.md"	"361"	"5"	"1"	"very short; few links"
"7"	"content"	"pattern-treatment/bi-deficiency.md"	"301"	"1"	"5"	"very short; few sections"
"7"	"content"	"pattern-treatment/blood-deficiency.md"	"258"	"1"	"4"	"very short; few sections"
"7"	"content"	"pattern-treatment/blood-stasis.md"	"256"	"1"	"5"	"very short; few sections"
"7"	"content"	"pattern-treatment/heart-spleen-deficiency.md"	"324"	"1"	"6"	"very short; few sections"
"7"	"content"	"pattern-treatment/index.md"	"300"	"1"	"8"	"very short; few sections"
"7"	"content"	"pattern-treatment/overview-map.md"	"433"	"1"	"3"	"very short; few sections"
"7"	"content"	"pattern-treatment/phlegm-fluid.md"	"300"	"1"	"5"	"very short; few sections"
"7"	"content"	"pattern-treatment/qi-deficiency.md"	"278"	"1"	"6"	"very short; few sections"
"7"	"content"	"pattern-treatment/sinking-middle-qi.md"	"230"	"1"	"4"	"very short; few sections"
"7"	"content"	"physicians/index.md"	"306"	"1"	"5"	"very short; few sections"
"7"	"content"	"pillar/classics-history.md"	"439"	"1"	"9"	"very short; few sections"
"7"	"content"	"questions/choice/fatigue-poor-digestion.md"	"354"	"1"	"5"	"very short; few sections"
"7"	"content"	"questions/choice/index.md"	"455"	"1"	"8"	"very short; few sections"
"7"	"content"	"questions/choice/insomnia-dyspepsia.md"	"362"	"1"	"5"	"very short; few sections"
"7"	"content"	"questions/choice/insomnia-palpitations.md"	"328"	"1"	"5"	"very short; few sections"
"7"	"content"	"questions/choice/qi-vs-qi-blood-deficiency.md"	"369"	"1"	"4"	"very short; few sections"
"7"	"content"	"sasang/donguisusebowon.md"	"268"	"2"	"3"	"very short; few sections"
"7"	"content"	"sasang/integrated-map.md"	"329"	"2"	"5"	"very short; few sections"
"7"	"content"	"sasang-followup/clinical-template.md"	"279"	"6"	"0"	"very short; few links"
"7"	"content"	"sasang-followup/index.md"	"353"	"1"	"5"	"very short; few sections"
"7"	"content"	"sasang-followup/symptom-change-table.md"	"428"	"2"	"3"	"very short; few sections"
"7"	"content"	"sasang-formula-cards/comparison-map.md"	"347"	"2"	"3"	"very short; few sections"
"7"	"content"	"sasang-formula-cards/index.md"	"319"	"1"	"6"	"very short; few sections"
"7"	"content"	"sasang-formula-cards/selection-principles.md"	"270"	"2"	"3"	"very short; few sections"
"7"	"content"	"sasang-formula-cards-2/index.md"	"319"	"2"	"3"	"very short; few sections"
"7"	"content"	"sasang-formula-combination-network/index.md"	"341"	"1"	"6"	"very short; few sections"
"7"	"content"	"sasang-formula-combination-network/ingredient-frequency.md"	"368"	"2"	"3"	"very short; few sections"
"7"	"content"	"sasang-formula-dose-fingerprint/index.md"	"346"	"1"	"4"	"very short; few sections"
"7"	"content"	"sasang-formula-library/soeumin-digestive.md"	"219"	"1"	"4"	"very short; few sections"
"7"	"content"	"sasang-formula-library/soeumin-mangyang.md"	"179"	"1"	"3"	"very short; few sections"
"7"	"content"	"sasang-formula-library/soeumin-taeeum.md"	"400"	"1"	"6"	"very short; few sections"
"7"	"content"	"sasang-formula-library/soyangin-exterior.md"	"268"	"1"	"4"	"very short; few sections"
"7"	"content"	"sasang-formula-library/soyangin-interior-heat.md"	"231"	"1"	"3"	"very short; few sections"
"7"	"content"	"sasang-formula-library/soyangin-other.md"	"241"	"2"	"4"	"very short; few sections"
"7"	"content"	"sasang-formula-library/soyangin-yin-deficiency.md"	"218"	"1"	"3"	"very short; few sections"
"7"	"content"	"sasang-formula-library/taeeumin-exterior-cold.md"	"359"	"1"	"6"	"very short; few sections"
"7"	"content"	"sasang-formula-library/taeeumin-interior-heat.md"	"384"	"1"	"6"	"very short; few sections"
"7"	"content"	"sasang-formula-library/taeeumin-other.md"	"265"	"2"	"5"	"very short; few sections"
"7"	"content"	"sasang-formulas/four-constitution-formula-map.md"	"420"	"1"	"4"	"very short; few sections"
"7"	"content"	"sasang-formulas/hyeongbangdojeok-san.md"	"236"	"1"	"3"	"very short; few sections"
"7"	"content"	"sasang-formulas/hyeongbangsabaek-san.md"	"311"	"2"	"5"	"very short; few sections"
"7"	"content"	"sasang-formulas/index.md"	"335"	"1"	"7"	"very short; few sections"
"7"	"content"	"sasang-formulas/soyangin-comparison.md"	"349"	"2"	"3"	"very short; few sections"
"7"	"content"	"sasang-formulas/yanggyeoksanhwa-tang.md"	"193"	"1"	"3"	"very short; few sections"
"7"	"content"	"sasang-guideline/diagnostic-workflow.md"	"383"	"2"	"5"	"very short; few sections"
"7"	"content"	"sasang-guideline/index.md"	"433"	"1"	"7"	"very short; few sections"
"7"	"content"	"sasang-guideline/integrated-map.md"	"343"	"1"	"3"	"very short; few sections"
"7"	"content"	"sasang-guideline/kcd-classification.md"	"431"	"2"	"4"	"very short; few sections"
"7"	"content"	"sasang-guideline/lifestyle-framework.md"	"381"	"2"	"4"	"very short; few sections"
"7"	"content"	"sasang-guideline/ordinary-symptoms.md"	"387"	"2"	"5"	"very short; few sections"
"7"	"content"	"sasang-history/donguisusebowon-context.md"	"338"	"2"	"4"	"very short; few sections"
"7"	"content"	"sasang-history/index.md"	"347"	"1"	"6"	"very short; few sections"
"7"	"content"	"sasang-history/integrated-map.md"	"355"	"2"	"5"	"very short; few sections"
"7"	"content"	"sasang-history/modern-expansion.md"	"362"	"2"	"5"	"very short; few sections"
"7"	"content"	"sasang-history/post-donguibogam.md"	"397"	"2"	"5"	"very short; few sections"
"7"	"content"	"sasang-integrated/patterns.md"	"217"	"1"	"3"	"very short; few sections"
"7"	"content"	"sasang-original-symptoms/cold-heat.md"	"276"	"2"	"3"	"very short; few sections"
"7"	"content"	"sasang-original-symptoms/comparison.md"	"474"	"2"	"3"	"very short; few sections"
"7"	"content"	"sasang-original-symptoms/digestion-appetite.md"	"328"	"2"	"3"	"very short; few sections"
"7"	"content"	"sasang-original-symptoms/emotion.md"	"299"	"2"	"4"	"very short; few sections"
"7"	"content"	"sasang-original-symptoms/fatigue-recovery.md"	"250"	"2"	"3"	"very short; few sections"
"7"	"content"	"sasang-original-symptoms/index.md"	"290"	"2"	"5"	"very short; few sections"
"7"	"content"	"sasang-original-symptoms/sleep.md"	"245"	"2"	"4"	"very short; few sections"
"7"	"content"	"sasang-original-symptoms/stool.md"	"285"	"2"	"3"	"very short; few sections"
"7"	"content"	"sasang-original-symptoms/sweating.md"	"282"	"2"	"3"	"very short; few sections"
"7"	"content"	"sasang-original-symptoms/thirst-drinking.md"	"267"	"2"	"3"	"very short; few sections"
"7"	"content"	"sasang-original-symptoms/urination.md"	"276"	"2"	"3"	"very short; few sections"
"7"	"content"	"sasang-pattern-differential/four-constitution-map.md"	"330"	"2"	"3"	"very short; few sections"
"7"	"content"	"sasang-pattern-differential/index.md"	"281"	"1"	"4"	"very short; few sections"
"7"	"content"	"sasang-pattern-differential/interview-algorithm.md"	"378"	"2"	"3"	"very short; few sections"
"7"	"content"	"sasang-pattern-differential/soeumin-severity-map.md"	"339"	"2"	"3"	"very short; few sections"
"7"	"content"	"sasang-pattern-differential/soyangin-mangeum-vs-chestheat.md"	"454"	"2"	"4"	"very short; few sections"
"7"	"content"	"sasang-pattern-differential/soyangin-severity-map.md"	"310"	"2"	"3"	"very short; few sections"
"7"	"content"	"sasang-pattern-differential/taeeumin-exterior-vs-interior.md"	"429"	"2"	"3"	"very short; few sections"
"7"	"content"	"sasang-pattern-differential/taeyangin-haeyeok-vs-yeolgeok.md"	"354"	"2"	"3"	"very short; few sections"
"7"	"content"	"sasang-progression/comparison.md"	"366"	"2"	"3"	"very short; few sections"
"7"	"content"	"sasang-progression/healthy-signs.md"	"383"	"2"	"3"	"very short; few sections"
"7"	"content"	"sasang-progression/index.md"	"395"	"1"	"6"	"very short; few sections"
"7"	"content"	"sasang-progression/recovery-signs.md"	"433"	"2"	"3"	"very short; few sections"
"7"	"content"	"sasang-progression/worsening-signs.md"	"400"	"2"	"3"	"very short; few sections"
"7"	"content"	"sasang-questions/diet-and-constitution.md"	"334"	"2"	"5"	"very short; few sections"
"7"	"content"	"sasang-questions/exercise-and-constitution.md"	"327"	"2"	"5"	"very short; few sections"
"7"	"content"	"sasang-questions/how-to-diagnose.md"	"365"	"2"	"5"	"very short; few sections"
"7"	"content"	"sasang-questions/index.md"	"452"	"1"	"9"	"very short; few sections"
"7"	"content"	"sasang-questions/integrated-map.md"	"332"	"2"	"5"	"very short; few sections"
"7"	"content"	"sasang-questions/is-constitution-fixed.md"	"330"	"2"	"4"	"very short; few sections"
"7"	"content"	"sasang-questions/same-constitution-same-formula.md"	"337"	"2"	"4"	"very short; few sections"
"7"	"content"	"sasang-questions/soyangin-vs-soeumin.md"	"334"	"2"	"5"	"very short; few sections"
"7"	"content"	"sasang-questions/taeeumin-vs-soyangin.md"	"295"	"2"	"5"	"very short; few sections"
"7"	"content"	"sasang-questions/what-is-donguisusebowon.md"	"319"	"2"	"5"	"very short; few sections"
"7"	"content"	"sasang-research/classic-to-modern.md"	"362"	"2"	"5"	"very short; few sections"
"7"	"content"	"sasang-research/evidence-framework.md"	"424"	"2"	"4"	"very short; few sections"
"7"	"content"	"sasang-research/index.md"	"415"	"1"	"8"	"very short; few sections"
"7"	"content"	"sasang-research/integrated-map.md"	"389"	"2"	"4"	"very short; few sections"
"7"	"content"	"sasang-research/metabolic-health.md"	"300"	"1"	"3"	"very short; few sections"
"7"	"content"	"sasang-research/treatment-research.md"	"302"	"2"	"3"	"very short; few sections"
"7"	"content"	"sasang-severity/index.md"	"308"	"1"	"6"	"very short; few sections"
"7"	"content"	"sasang-severity/severity-comparison.md"	"392"	"2"	"3"	"very short; few sections"
"7"	"content"	"sasang-symptoms/bowel-urination.md"	"259"	"2"	"4"	"very short; few sections"
"7"	"content"	"sasang-symptoms/constitution-vs-pattern.md"	"325"	"2"	"4"	"very short; few sections"
"7"	"content"	"sasang-symptoms/digestion-fatigue.md"	"210"	"1"	"3"	"very short; few sections"
"7"	"content"	"sasang-symptoms/heat-thirst.md"	"216"	"1"	"4"	"very short; few sections"
"7"	"content"	"sasang-symptoms/index.md"	"304"	"1"	"7"	"very short; few sections"
"7"	"content"	"sasang-symptoms/integrated-map.md"	"315"	"2"	"5"	"very short; few sections"
"7"	"content"	"sasang-symptoms/sleep-palpitations.md"	"180"	"1"	"3"	"very short; few sections"
"7"	"content"	"sasang-symptoms/sweating-fatigue.md"	"287"	"2"	"5"	"very short; few sections"
"7"	"content"	"sasang-treatment/acupuncture-moxibustion.md"	"280"	"1"	"3"	"very short; few sections"
"7"	"content"	"sasang-treatment/diet.md"	"398"	"2"	"5"	"very short; few sections"
"7"	"content"	"sasang-treatment/emotion.md"	"368"	"2"	"5"	"very short; few sections"
"7"	"content"	"sasang-treatment/exercise.md"	"348"	"2"	"5"	"very short; few sections"
"7"	"content"	"sasang-treatment/herbal-treatment.md"	"393"	"2"	"5"	"very short; few sections"
"7"	"content"	"sasang-treatment/index.md"	"396"	"1"	"7"	"very short; few sections"
"7"	"content"	"sasang-treatment/integrated-map.md"	"327"	"1"	"3"	"very short; few sections"
"7"	"content"	"shanghan-network/clinical-reasoning.md"	"380"	"2"	"5"	"very short; few sections"
"7"	"content"	"shanghan-network/formula-map.md"	"420"	"2"	"4"	"very short; few sections"
"7"	"content"	"shanghan-network/index.md"	"363"	"1"	"8"	"very short; few sections"
"7"	"content"	"shanghan-network/integrated-map.md"	"218"	"1"	"3"	"very short; few sections"
"7"	"content"	"shanghan-network/shaoyang.md"	"304"	"2"	"4"	"very short; few sections"
"7"	"content"	"shanghan-network/six-stage-patterns.md"	"191"	"1"	"4"	"very short; few sections"
"7"	"content"	"shanghan-network/taiyang.md"	"350"	"2"	"4"	"very short; few sections"
"7"	"content"	"shanghan-network/yangming.md"	"295"	"2"	"4"	"very short; few sections"
"7"	"content"	"symptom-clinical/index.md"	"275"	"1"	"7"	"very short; few sections"
"7"	"content"	"symptom-clinical/red-flags.md"	"319"	"2"	"3"	"very short; few sections"
"7"	"content"	"symptom-integrated/red-flags.md"	"302"	"2"	"3"	"very short; few sections"
"7"	"content"	"symptoms/digestion.md"	"303"	"1"	"5"	"very short; few sections"
"7"	"content"	"symptoms/index.md"	"349"	"1"	"7"	"very short; few sections"
"7"	"content"	"symptoms/longtail/chronic-low-back-pain.md"	"391"	"2"	"7"	"very short; few sections"
"7"	"content"	"symptoms/longtail/knee-aching.md"	"264"	"1"	"4"	"very short; few sections"
"7"	"content"	"symptoms/longtail/night-awakening.md"	"311"	"2"	"6"	"very short; few sections"
"7"	"content"	"symptoms/longtail/persistent-fatigue.md"	"291"	"1"	"4"	"very short; few sections"
"7"	"content"	"symptoms/longtail/postmeal-fullness.md"	"293"	"2"	"5"	"very short; few sections"
"7"	"content"	"symptoms/longtail/sneezing-runny-nose.md"	"243"	"1"	"4"	"very short; few sections"
"7"	"content"	"symptoms/longtail/stiff-neck.md"	"341"	"2"	"6"	"very short; few sections"
"7"	"content"	"symptoms/rhinitis.md"	"251"	"2"	"3"	"very short; few sections"
"7"	"content"	"symptoms/sleep-problem.md"	"316"	"1"	"5"	"very short; few sections"
"7"	"content"	"tonic-masterpieces/comparison.md"	"327"	"2"	"3"	"very short; few sections"
"7"	"content"	"tonic-masterpieces/deer-antler/clinical-map.md"	"245"	"2"	"3"	"very short; few sections"
"7"	"content"	"tonic-masterpieces/deer-antler/index.md"	"316"	"2"	"3"	"very short; few sections"
"7"	"content"	"tonic-masterpieces/deer-antler/research.md"	"381"	"2"	"3"	"very short; few sections"
"7"	"content"	"tonic-masterpieces/gongjindan/clinical-map.md"	"245"	"2"	"3"	"very short; few sections"
"7"	"content"	"tonic-masterpieces/gongjindan/composition.md"	"272"	"2"	"3"	"very short; few sections"
"7"	"content"	"tonic-masterpieces/gongjindan/index.md"	"267"	"2"	"5"	"very short; few sections"
"7"	"content"	"tonic-masterpieces/gyeongokgo/clinical-map.md"	"251"	"2"	"3"	"very short; few sections"
"7"	"content"	"tonic-masterpieces/gyeongokgo/composition.md"	"275"	"2"	"3"	"very short; few sections"
"7"	"content"	"tonic-masterpieces/gyeongokgo/fatigue-recovery.md"	"461"	"2"	"3"	"very short; few sections"
"7"	"content"	"tonic-masterpieces/gyeongokgo/index.md"	"288"	"2"	"5"	"very short; few sections"
"7"	"content"	"tonic-masterpieces/index.md"	"241"	"1"	"5"	"very short; few sections"
"7"	"content"	"wenbing-network/classic-texts.md"	"400"	"2"	"5"	"very short; few sections"
"7"	"content"	"wenbing-network/formula-map.md"	"438"	"2"	"4"	"very short; few sections"
"7"	"content"	"wenbing-network/index.md"	"425"	"1"	"9"	"very short; few sections"
"7"	"content"	"wenbing-network/integrated-map.md"	"282"	"1"	"3"	"very short; few sections"
"7"	"content"	"wenbing-network/shanghan-comparison.md"	"478"	"2"	"4"	"very short; few sections"
"7"	"content"	"wenbing-network/triple-burner-patterns.md"	"323"	"2"	"4"	"very short; few sections"
"7"	"content"	"wenbing-network/wei-qi-ying-xue.md"	"358"	"2"	"5"	"very short; few sections"
"7"	"content"	"wenbing-network/what-is-wenbing.md"	"358"	"2"	"4"	"very short; few sections"
"7"	"content"	"zangfu-pattern-network/clinical-reasoning.md"	"353"	"2"	"3"	"very short; few sections"
"7"	"content"	"zangfu-pattern-network/heart-small-intestine.md"	"358"	"2"	"4"	"very short; few sections"
"7"	"content"	"zangfu-pattern-network/index.md"	"386"	"1"	"8"	"very short; few sections"
"7"	"content"	"zangfu-pattern-network/interrelationships.md"	"342"	"2"	"3"	"very short; few sections"
"7"	"content"	"zangfu-pattern-network/kidney-bladder.md"	"325"	"2"	"3"	"very short; few sections"
"7"	"content"	"zangfu-pattern-network/liver-gallbladder.md"	"361"	"2"	"3"	"very short; few sections"
"7"	"content"	"zangfu-pattern-network/lung-large-intestine.md"	"328"	"2"	"3"	"very short; few sections"
"7"	"content"	"zangfu-pattern-network/spleen-stomach.md"	"357"	"2"	"4"	"very short; few sections"
"7"	"content"	"zangfu-pattern-network/treatment-map.md"	"382"	"2"	"4"	"very short; few sections"
"7"	"content"	"zangfu-pattern-network/what-is-zangfu-pattern.md"	"411"	"2"	"4"	"very short; few sections"
"5"	"content"	"acupuncture/du-ren.md"	"412"	"5"	"3"	"very short"
"5"	"content"	"acupuncture/index.md"	"425"	"5"	"8"	"very short"
"5"	"content"	"acupuncture/meridians.md"	"253"	"3"	"3"	"very short"
"5"	"content"	"acupuncture/meridians/bl.md"	"208"	"4"	"2"	"very short"
"5"	"content"	"acupuncture/meridians/gb.md"	"185"	"4"	"2"	"very short"
"5"	"content"	"acupuncture/meridians/ht.md"	"155"	"4"	"2"	"very short"
"5"	"content"	"acupuncture/meridians/ki.md"	"168"	"4"	"2"	"very short"
"5"	"content"	"acupuncture/meridians/li.md"	"171"	"4"	"2"	"very short"
"5"	"content"	"acupuncture/meridians/lr.md"	"169"	"4"	"2"	"very short"
"5"	"content"	"acupuncture/meridians/lu.md"	"165"	"4"	"2"	"very short"
"5"	"content"	"acupuncture/meridians/pc.md"	"153"	"4"	"2"	"very short"
"5"	"content"	"acupuncture/meridians/si.md"	"158"	"4"	"2"	"very short"
"5"	"content"	"acupuncture/meridians/sp.md"	"169"	"4"	"2"	"very short"
"5"	"content"	"acupuncture/meridians/st.md"	"171"	"4"	"2"	"very short"
"5"	"content"	"acupuncture/meridians/te.md"	"161"	"4"	"2"	"very short"
"5"	"content"	"acupuncture/points/bl10-tianzhu.md"	"301"	"6"	"3"	"very short"
"5"	"content"	"acupuncture/points/bl25-dachangshu.md"	"304"	"6"	"3"	"very short"
"5"	"content"	"acupuncture/points/bl57-chengshan.md"	"304"	"6"	"3"	"very short"
"5"	"content"	"acupuncture/points/bl60-kunlun.md"	"302"	"6"	"3"	"very short"
"5"	"content"	"acupuncture/points/cv6-qihai.md"	"302"	"6"	"3"	"very short"
"5"	"content"	"acupuncture/points/ex-hn3-yintang.md"	"308"	"6"	"3"	"very short"
"5"	"content"	"acupuncture/points/gb21-jianjing.md"	"303"	"6"	"3"	"very short"
"5"	"content"	"acupuncture/points/ht3-shaohai.md"	"302"	"6"	"3"	"very short"
"5"	"content"	"acupuncture/points/ki6-zhaohai.md"	"306"	"6"	"3"	"very short"
"5"	"content"	"acupuncture/points/li11-quchi.md"	"286"	"6"	"2"	"very short"
"5"	"content"	"acupuncture/points/li15-jianyu.md"	"302"	"6"	"3"	"very short"
"5"	"content"	"acupuncture/points/pc7-daling.md"	"305"	"6"	"3"	"very short"
"5"	"content"	"acupuncture/points/si3-houxi.md"	"280"	"6"	"2"	"very short"
"5"	"content"	"acupuncture/points/sp4-gongsun.md"	"281"	"6"	"2"	"very short"
"5"	"content"	"acupuncture/points/sp9-yinlingquan.md"	"284"	"6"	"2"	"very short"
"5"	"content"	"acupuncture/points/st25-tianshu.md"	"281"	"6"	"2"	"very short"
"5"	"content"	"acupuncture/points/st40-fenglong.md"	"285"	"6"	"2"	"very short"
"5"	"content"	"acupuncture/points/st44-neiting.md"	"308"	"6"	"3"	"very short"
"5"	"content"	"acupuncture/points/te5-waiguan.md"	"284"	"6"	"2"	"very short"
"5"	"content"	"acupuncture/treatment-principles.md"	"440"	"5"	"3"	"very short"
"5"	"content"	"acupuncture/twelve-meridians.md"	"431"	"4"	"4"	"very short"
"5"	"content"	"acupuncture-clinical/dose-followup.md"	"415"	"4"	"3"	"very short"
"5"	"content"	"acupuncture-clinical/evidence.md"	"546"	"2"	"3"	"short; few sections"
"5"	"content"	"acupuncture-clinical/meridian-point-needling.md"	"398"	"3"	"3"	"very short"
"5"	"content"	"acupuncture-clinical/musculoskeletal-differential.md"	"488"	"4"	"3"	"very short"
"5"	"content"	"acupuncture-clinical/response-reassessment.md"	"368"	"4"	"3"	"very short"
"5"	"content"	"acupuncture-clinical/symptom-to-strategy.md"	"401"	"3"	"3"	"very short"
"5"	"content"	"acupuncture-integrated/evidence.md"	"358"	"3"	"5"	"very short"
"5"	"content"	"acupuncture-integrated/musculoskeletal.md"	"371"	"4"	"5"	"very short"
"5"	"content"	"acupuncture-integrated/safety.md"	"328"	"4"	"3"	"very short"
"5"	"content"	"ai/evidence-map.md"	"417"	"5"	"3"	"very short"
"5"	"content"	"answer-guides/herbal-supplements-guide.md"	"482"	"5"	"4"	"very short"
"5"	"content"	"answer-guides/incomplete-bowel-movement-guide.md"	"391"	"6"	"2"	"very short"
"5"	"content"	"answer-guides/pain-time-pattern-guide.md"	"461"	"5"	"4"	"very short"
"5"	"content"	"answer-guides/regional-dialect-query-variants.md"	"589"	"8"	"0"	"short; few links"
"5"	"content"	"answer-guides/stairs-knee-pain-guide.md"	"376"	"6"	"2"	"very short"
"5"	"content"	"authority/gyeongok-go.md"	"392"	"4"	"3"	"very short"
"5"	"content"	"authority/index.md"	"395"	"3"	"9"	"very short"
"5"	"content"	"authority/insomnia.md"	"431"	"4"	"5"	"very short"
"5"	"content"	"authority/pharmacopuncture.md"	"498"	"4"	"3"	"very short"
"5"	"content"	"autonomic/acupoint-map.md"	"319"	"5"	"4"	"very short"
"5"	"content"	"classics/classical-formula-reading.md"	"469"	"4"	"3"	"very short"
"5"	"content"	"classics/donguibogam.md"	"354"	"5"	"4"	"very short"
"5"	"content"	"classics/donguibogam/gongjin-dan.md"	"451"	"7"	"3"	"very short"
"5"	"content"	"classics/donguibogam/gyeongok-go.md"	"488"	"8"	"3"	"very short"
"5"	"content"	"classics/donguibogam-acupuncture.md"	"467"	"7"	"3"	"very short"
"5"	"content"	"classics/donguibogam-tangaek.md"	"464"	"4"	"4"	"very short"
"5"	"content"	"classics/huangdi-neijing.md"	"325"	"4"	"2"	"very short"
"5"	"content"	"classics/index.md"	"422"	"3"	"8"	"very short"
"5"	"content"	"classics/shanghanlun/taiyang-definition.md"	"419"	"6"	"3"	"very short"
"5"	"content"	"classics/shanghan-six-channels.md"	"483"	"8"	"2"	"very short"
"5"	"content"	"clinical-reasoning/dyspepsia.md"	"426"	"5"	"7"	"very short"
"5"	"content"	"clinical-reasoning/insomnia.md"	"455"	"5"	"8"	"very short"
"5"	"content"	"clinical-reasoning/low-back-pain.md"	"440"	"4"	"8"	"very short"
"5"	"content"	"clinical-reasoning/rhinitis.md"	"401"	"4"	"7"	"very short"
"5"	"content"	"clinical-safety/fatigue-sleep-check.md"	"408"	"3"	"5"	"very short"
"5"	"content"	"clinical-safety/headache-dizziness.md"	"371"	"4"	"3"	"very short"
"5"	"content"	"clinical-safety/pain-red-flags.md"	"426"	"3"	"5"	"very short"
"5"	"content"	"clinical-safety/rhinitis-respiratory.md"	"385"	"3"	"5"	"very short"
"5"	"content"	"clinical-safety/treatment-checklist.md"	"453"	"5"	"5"	"very short"
"5"	"content"	"concepts/liver-kidney-deficiency.md"	"318"	"3"	"5"	"very short"
"5"	"content"	"concepts/pathological-products.md"	"421"	"4"	"7"	"very short"
"5"	"content"	"conditions/allergic-rhinitis.md"	"383"	"7"	"2"	"very short"
"5"	"content"	"conditions/anxiety-somatic.md"	"438"	"6"	"2"	"very short"
"5"	"content"	"conditions/arm-numbness.md"	"438"	"6"	"2"	"very short"
"5"	"content"	"conditions/cold-hands-feet.md"	"439"	"6"	"2"	"very short"
"5"	"content"	"conditions/cough.md"	"440"	"6"	"2"	"very short"
"5"	"content"	"conditions/dizziness.md"	"423"	"6"	"2"	"very short"
"5"	"content"	"conditions/dysmenorrhea.md"	"462"	"6"	"2"	"very short"
"5"	"content"	"conditions/dyspepsia.md"	"385"	"7"	"2"	"very short"
"5"	"content"	"conditions/edema.md"	"437"	"6"	"2"	"very short"
"5"	"content"	"conditions/fatigue.md"	"366"	"7"	"2"	"very short"
"5"	"content"	"conditions/foot-numbness.md"	"450"	"6"	"2"	"very short"
"5"	"content"	"conditions/frequent-urination.md"	"499"	"8"	"4"	"very short"
"5"	"content"	"conditions/globus.md"	"497"	"8"	"4"	"very short"
"5"	"content"	"conditions/headache.md"	"428"	"6"	"2"	"very short"
"5"	"content"	"conditions/insomnia.md"	"367"	"7"	"2"	"very short"
"5"	"content"	"conditions/knee-pain.md"	"326"	"7"	"2"	"very short"
"5"	"content"	"conditions/low-back-pain.md"	"373"	"7"	"2"	"very short"
"5"	"content"	"conditions/neck-pain.md"	"342"	"7"	"2"	"very short"
"5"	"content"	"conditions/palpitation.md"	"443"	"6"	"2"	"very short"
"5"	"content"	"conditions/shoulder-pain.md"	"329"	"7"	"2"	"very short"
"5"	"content"	"diagnostics/blood-deficiency.md"	"410"	"7"	"5"	"very short"
"5"	"content"	"diagnostics/blood-stasis.md"	"340"	"5"	"3"	"very short"
"5"	"content"	"diagnostics/patterns/phlegm-fluid.md"	"316"	"4"	"2"	"very short"
"5"	"content"	"diagnostics/phlegm-fluid.md"	"405"	"6"	"4"	"very short"
"5"	"content"	"diagnostics/qi-deficiency.md"	"379"	"7"	"4"	"very short"
"5"	"content"	"eight-principles-network/integrated-map.md"	"460"	"3"	"3"	"very short"
"5"	"content"	"evidence-clinical/case-observational.md"	"332"	"5"	"3"	"very short"
"5"	"content"	"evidence-clinical/classic-vs-modern.md"	"317"	"4"	"3"	"very short"
"5"	"content"	"evidence-clinical/evidence-to-practice.md"	"337"	"3"	"3"	"very short"
"5"	"content"	"evidence-clinical/guidelines.md"	"335"	"3"	"3"	"very short"
"5"	"content"	"evidence-clinical/integrated-map.md"	"434"	"3"	"3"	"very short"
"5"	"content"	"evidence-clinical/km-specific.md"	"370"	"5"	"3"	"very short"
"5"	"content"	"evidence-clinical/preclinical.md"	"305"	"3"	"3"	"very short"
"5"	"content"	"evidence-clinical/rct.md"	"358"	"3"	"3"	"very short"
"5"	"content"	"evidence-clinical/systematic-review.md"	"295"	"3"	"3"	"very short"
"5"	"content"	"evidence-guide/pmid-doi.md"	"422"	"5"	"5"	"very short"
"5"	"content"	"evidence-guide/preclinical.md"	"351"	"3"	"3"	"very short"
"5"	"content"	"evidence-guide/rct.md"	"341"	"3"	"3"	"very short"
"5"	"content"	"evidence-guide/systematic-review.md"	"468"	"4"	"5"	"very short"
"5"	"content"	"evidence-guide/tradition-modern.md"	"335"	"3"	"3"	"very short"
"5"	"content"	"evidence-integrated/acupuncture-evidence.md"	"300"	"3"	"4"	"very short"
"5"	"content"	"evidence-integrated/classical-sources.md"	"335"	"4"	"4"	"very short"
"5"	"content"	"evidence-integrated/clinical-application.md"	"376"	"3"	"4"	"very short"
"5"	"content"	"evidence-integrated/evidence-levels.md"	"398"	"3"	"3"	"very short"
"5"	"content"	"evidence-integrated/find-research.md"	"331"	"5"	"4"	"very short"
"5"	"content"	"evidence-integrated/sasang-evidence.md"	"359"	"3"	"5"	"very short"
"5"	"content"	"formula-architecture/shanghan-family.md"	"296"	"3"	"2"	"very short"
"5"	"content"	"formulas/categories/drain-fluid-formulas.md"	"404"	"4"	"4"	"very short"
"5"	"content"	"formulas/categories/exterior-shanghan.md"	"355"	"4"	"2"	"very short"
"5"	"content"	"formulas/categories/phlegm-qi-formulas.md"	"366"	"4"	"3"	"very short"
"5"	"content"	"formulas/categories/tonic-formulas.md"	"453"	"4"	"4"	"very short"
"5"	"content"	"formulas/categories/wind-damp-musculoskeletal.md"	"427"	"5"	"3"	"very short"
"5"	"content"	"formulas/daqinglong-tang.md"	"382"	"7"	"4"	"very short"
"5"	"content"	"formulas/gegen-tang.md"	"442"	"8"	"5"	"very short"
"5"	"content"	"formulas/guizhi-jia-gegen-tang.md"	"331"	"6"	"4"	"very short"
"5"	"content"	"formulas/guizhi-tang.md"	"482"	"8"	"3"	"very short"
"5"	"content"	"formulas/mahuang-tang.md"	"464"	"8"	"3"	"very short"
"5"	"content"	"formulas/samsoeum.md"	"280"	"5"	"3"	"very short"
"5"	"content"	"formulas/xiaochaihu-tang.md"	"379"	"8"	"5"	"very short"
"5"	"content"	"formulas/xiaoqinglong-tang.md"	"390"	"8"	"3"	"very short"
"5"	"content"	"foundations/heart.md"	"372"	"6"	"5"	"very short"
"5"	"content"	"foundations/index.md"	"450"	"5"	"6"	"very short"
"5"	"content"	"foundations/kidney.md"	"410"	"6"	"7"	"very short"
"5"	"content"	"foundations/liver.md"	"375"	"6"	"6"	"very short"
"5"	"content"	"foundations/lung.md"	"341"	"6"	"5"	"very short"
"5"	"content"	"foundations/spleen.md"	"419"	"6"	"7"	"very short"
"5"	"content"	"foundations/zangfu-overview.md"	"364"	"4"	"6"	"very short"
"5"	"content"	"foundations-clinical/clinical-reasoning.md"	"382"	"8"	"3"	"very short"
"5"	"content"	"foundations-clinical/diagnostic-integration.md"	"306"	"3"	"3"	"very short"
"5"	"content"	"foundations-clinical/etiology-pathogenesis.md"	"333"	"3"	"3"	"very short"
"5"	"content"	"foundations-clinical/integrated-map.md"	"490"	"3"	"3"	"very short"
"5"	"content"	"foundations-clinical/treatment-bridge.md"	"372"	"5"	"5"	"very short"
"5"	"content"	"foundations-clinical/zangfu-to-pattern.md"	"369"	"3"	"4"	"very short"
"5"	"content"	"foundations-integrated/classics-modern.md"	"358"	"3"	"4"	"very short"
"5"	"content"	"foundations-integrated/clinical-reasoning.md"	"376"	"4"	"5"	"very short"
"5"	"content"	"foundations-integrated/etiology-pathogenesis.md"	"307"	"5"	"5"	"very short"
"5"	"content"	"foundations-integrated/index.md"	"532"	"1"	"7"	"short; few sections"
"5"	"content"	"foundations-integrated/pattern-treatment.md"	"338"	"4"	"4"	"very short"
"5"	"content"	"foundations-integrated/yinyang-fivephases.md"	"327"	"5"	"4"	"very short"
"5"	"content"	"foundations-integrated/zangfu-qi-blood-fluids.md"	"338"	"4"	"4"	"very short"
"5"	"content"	"glossary/blood.md"	"313"	"4"	"4"	"very short"
"5"	"content"	"glossary/blood-stasis.md"	"337"	"4"	"5"	"very short"
"5"	"content"	"glossary/body-fluids.md"	"363"	"4"	"5"	"very short"
"5"	"content"	"glossary/essence.md"	"337"	"4"	"4"	"very short"
"5"	"content"	"glossary/heart-spleen-deficiency.md"	"354"	"4"	"5"	"very short"
"5"	"content"	"glossary/index.md"	"596"	"2"	"9"	"short; few sections"
"5"	"content"	"glossary/kidney-yang.md"	"319"	"4"	"4"	"very short"
"5"	"content"	"glossary/phlegm-fluid.md"	"391"	"4"	"6"	"very short"
"5"	"content"	"glossary/qi.md"	"354"	"4"	"5"	"very short"
"5"	"content"	"glossary/sinking-middle-qi.md"	"356"	"4"	"5"	"very short"
"5"	"content"	"guide/editorial-policy.md"	"474"	"8"	"3"	"very short"
"5"	"content"	"guide/status-policy.md"	"618"	"8"	"1"	"short; few links"
"5"	"content"	"herbal-formula-clinical/followup-adjustment.md"	"333"	"5"	"3"	"very short"
"5"	"content"	"herbal-formula-clinical/formula-comparison.md"	"336"	"3"	"3"	"very short"
"5"	"content"	"herbal-formula-clinical/integrated-map.md"	"427"	"3"	"3"	"very short"
"5"	"content"	"herbal-formula-clinical/safety.md"	"325"	"4"	"3"	"very short"
"5"	"content"	"herbal-integrated/evidence.md"	"411"	"5"	"5"	"very short"
"5"	"content"	"herbal-integrated/formula-for-rhinitis.md"	"496"	"6"	"6"	"very short"
"5"	"content"	"herbal-integrated/herbs-for-cold-cough.md"	"449"	"6"	"5"	"very short"
"5"	"content"	"herbal-integrated/herbs-for-digestion.md"	"458"	"6"	"5"	"very short"
"5"	"content"	"herbal-integrated/herbs-for-edema.md"	"439"	"6"	"5"	"very short"
"5"	"content"	"herbal-integrated/herbs-for-fatigue.md"	"487"	"6"	"5"	"very short"
"5"	"content"	"herbal-integrated/herbs-for-menopause.md"	"471"	"6"	"5"	"very short"
"5"	"content"	"herbal-integrated/herbs-for-pain.md"	"471"	"6"	"5"	"very short"
"5"	"content"	"herbal-integrated/herbs-for-sleep.md"	"453"	"6"	"5"	"very short"
"5"	"content"	"herbal-integrated/herbs-for-stress.md"	"458"	"6"	"5"	"very short"
"5"	"content"	"herbal-integrated/herbs-for-women.md"	"449"	"6"	"5"	"very short"
"5"	"content"	"herbal-integrated/index.md"	"570"	"2"	"9"	"short; few sections"
"5"	"content"	"herbal-integrated/safety.md"	"360"	"3"	"4"	"very short"
"5"	"content"	"herbal-integrated/tonic-recovery.md"	"547"	"1"	"8"	"short; few sections"
"5"	"content"	"herbs/categories/drain-damp.md"	"340"	"5"	"3"	"very short"
"5"	"content"	"herbs/categories/harmonize.md"	"316"	"5"	"2"	"very short"
"5"	"content"	"herbs/categories/open-orifices.md"	"270"	"4"	"2"	"very short"
"5"	"content"	"herbs/categories/phlegm-qi.md"	"386"	"5"	"3"	"very short"
"5"	"content"	"herbs/categories/warm-interior.md"	"351"	"5"	"3"	"very short"
"5"	"content"	"immune-allergy/fatigue-recovery.md"	"483"	"3"	"9"	"very short"
"5"	"content"	"immune-allergy/gut-recovery.md"	"393"	"3"	"7"	"very short"
"5"	"content"	"immune-allergy/inflammation-pain.md"	"435"	"3"	"7"	"very short"
"5"	"content"	"immune-allergy/integrated-map.md"	"541"	"2"	"5"	"short; few sections"
"5"	"content"	"immune-allergy/rhinitis-allergy.md"	"457"	"3"	"7"	"very short"
"5"	"content"	"meridian-network/heart-meridian.md"	"336"	"6"	"2"	"very short"
"5"	"content"	"meridian-network/large-intestine-meridian.md"	"447"	"6"	"2"	"very short"
"5"	"content"	"meridian-network/liver-meridian.md"	"414"	"6"	"2"	"very short"
"5"	"content"	"meridian-network/lung-meridian.md"	"367"	"6"	"2"	"very short"
"5"	"content"	"meridian-network/pericardium-meridian.md"	"339"	"6"	"2"	"very short"
"5"	"content"	"meridian-network/small-intestine-meridian.md"	"444"	"6"	"2"	"very short"
"5"	"content"	"meridian-network/special-points/back-shu.md"	"302"	"3"	"2"	"very short"
"5"	"content"	"meridian-network/special-points/eight-influential.md"	"466"	"4"	"4"	"very short"
"5"	"content"	"meridian-network/special-points/five-shu.md"	"861"	"4"	"0"	"short; few links"
"5"	"content"	"meridian-network/special-points/front-mu.md"	"474"	"4"	"2"	"very short"
"5"	"content"	"meridian-network/special-points/luo-connecting.md"	"279"	"4"	"2"	"very short"
"5"	"content"	"meridian-network/special-points/yuan-luo-pairs.md"	"483"	"4"	"3"	"very short"
"5"	"content"	"meridian-network/special-points/yuan-source.md"	"295"	"3"	"3"	"very short"
"5"	"content"	"meridian-network/spleen-meridian.md"	"460"	"6"	"2"	"very short"
"5"	"content"	"meridian-network/triple-energizer-meridian.md"	"481"	"6"	"2"	"very short"
"5"	"content"	"network/astragalus-formulas.md"	"333"	"6"	"5"	"very short"
"5"	"content"	"network/classic-to-evidence-map.md"	"351"	"5"	"2"	"very short"
"5"	"content"	"network/formula-acupoint-combinations.md"	"426"	"7"	"5"	"very short"
"5"	"content"	"network/formula-composition-hub.md"	"439"	"3"	"5"	"very short"
"5"	"content"	"network/gongjin-dan-map.md"	"356"	"5"	"6"	"very short"
"5"	"content"	"network/herb-to-formula-map.md"	"432"	"7"	"5"	"very short"
"5"	"content"	"network/pinellia-formulas.md"	"389"	"7"	"6"	"very short"
"5"	"content"	"network/shengmai-composition.md"	"271"	"5"	"4"	"very short"
"5"	"content"	"network/wuling-composition.md"	"373"	"7"	"5"	"very short"
"5"	"content"	"physicians/heo-jun.md"	"395"	"3"	"4"	"very short"
"5"	"content"	"physicians/lee-je-ma.md"	"412"	"4"	"5"	"very short"
"5"	"content"	"physicians/li-dongyuan.md"	"496"	"4"	"6"	"very short"
"5"	"content"	"physicians/sun-simiao.md"	"361"	"4"	"4"	"very short"
"5"	"content"	"physicians/zhang-zhongjing.md"	"403"	"4"	"5"	"very short"
"5"	"content"	"portal/sasang.md"	"652"	"2"	"3"	"short; few sections"
"5"	"content"	"questions/choice/chronic-back-pain-treatment.md"	"475"	"3"	"7"	"very short"
"5"	"content"	"research/by-study-type.md"	"344"	"5"	"3"	"very short"
"5"	"content"	"research/mechanism-preclinical-index.md"	"504"	"2"	"5"	"short; few sections"
"5"	"content"	"research/rct-index.md"	"650"	"1"	"8"	"short; few sections"
"5"	"content"	"sasang/constitution-compare.md"	"391"	"3"	"5"	"very short"
"5"	"content"	"sasang/disease-patterns.md"	"457"	"8"	"2"	"very short"
"5"	"content"	"sasang/four-constitutions.md"	"397"	"3"	"5"	"very short"
"5"	"content"	"sasang/minor-symptoms.md"	"474"	"4"	"2"	"very short"
"5"	"content"	"sasang/pattern-formula-map.md"	"440"	"6"	"2"	"very short"
"5"	"content"	"sasang/sasang-cold-heat.md"	"496"	"6"	"5"	"very short"
"5"	"content"	"sasang/sasang-digestion.md"	"476"	"6"	"5"	"very short"
"5"	"content"	"sasang/sasang-fatigue.md"	"468"	"6"	"5"	"very short"
"5"	"content"	"sasang/sasang-rhinitis.md"	"472"	"6"	"5"	"very short"
"5"	"content"	"sasang/sasang-sleep.md"	"461"	"6"	"5"	"very short"
"5"	"content"	"sasang/sasang-sweat.md"	"477"	"6"	"5"	"very short"
"5"	"content"	"sasang/sasang-weight.md"	"495"	"6"	"5"	"very short"
"5"	"content"	"sasang/soeumin.md"	"493"	"7"	"4"	"very short"
"5"	"content"	"sasang/soyangin.md"	"494"	"7"	"4"	"very short"
"5"	"content"	"sasang/taeeumin.md"	"494"	"7"	"4"	"very short"
"5"	"content"	"sasang/taeumin.md"	"488"	"6"	"3"	"very short"
"5"	"content"	"sasang-clinical-detail/treatment-modalities.md"	"492"	"6"	"3"	"very short"
"5"	"content"	"sasang-followup/constitution-recovery.md"	"335"	"6"	"3"	"very short"
"5"	"content"	"sasang-followup/first-followup.md"	"386"	"3"	"3"	"very short"
"5"	"content"	"sasang-followup/formula-decision.md"	"434"	"4"	"3"	"very short"
"5"	"content"	"sasang-followup/initial-assessment.md"	"377"	"7"	"3"	"very short"
"5"	"content"	"sasang-followup/relapse-prevention.md"	"317"	"3"	"3"	"very short"
"5"	"content"	"sasang-formula-cards/cheongsimyeonja-tang.md"	"383"	"3"	"3"	"very short"
"5"	"content"	"sasang-formula-cards/gwakhyangjeonggi-san.md"	"481"	"3"	"3"	"very short"
"5"	"content"	"sasang-formula-cards/hyeongbangdojeok-san.md"	"374"	"5"	"3"	"very short"
"5"	"content"	"sasang-formula-cards/hyeongbangjihwang-tang.md"	"461"	"3"	"3"	"very short"
"5"	"content"	"sasang-formula-cards/taeeumjowi-tang.md"	"470"	"4"	"3"	"very short"
"5"	"content"	"sasang-formula-cards-2/baekhao-ijung-tang.md"	"358"	"3"	"3"	"very short"
"5"	"content"	"sasang-formula-cards-2/cheongpyesagan-tang.md"	"489"	"4"	"3"	"very short"
"5"	"content"	"sasang-formula-cards-2/dokhwaljihwang-tang.md"	"346"	"3"	"3"	"very short"
"5"	"content"	"sasang-formula-cards-2/full-map.md"	"367"	"6"	"3"	"very short"
"5"	"content"	"sasang-formula-cards-2/gwangye-buja-ijung-tang.md"	"466"	"3"	"3"	"very short"
"5"	"content"	"sasang-formula-cards-2/hyeongbangsabaek-san.md"	"405"	"3"	"3"	"very short"
"5"	"content"	"sasang-formula-cards-2/mihudeung-sikjang-tang.md"	"317"	"5"	"3"	"very short"
"5"	"content"	"sasang-formula-cards-2/ogapi-jangcheok-tang.md"	"325"	"4"	"3"	"very short"
"5"	"content"	"sasang-formula-cards-2/yeoldahanso-tang.md"	"321"	"3"	"3"	"very short"
"5"	"content"	"sasang-formula-combination-network/formula-families.md"	"456"	"6"	"3"	"very short"
"5"	"content"	"sasang-formula-combination-network/soeumin-network.md"	"453"	"3"	"3"	"very short"
"5"	"content"	"sasang-formula-library/galgeunhaegi-tang.md"	"365"	"6"	"3"	"very short"
"5"	"content"	"sasang-formula-library/galgeunseunggi-tang.md"	"330"	"6"	"3"	"very short"
"5"	"content"	"sasang-formula-library/gunggwichongsoijung-tang.md"	"346"	"6"	"3"	"very short"
"5"	"content"	"sasang-formula-library/gunggwihyangso-san.md"	"337"	"6"	"3"	"very short"
"5"	"content"	"sasang-formula-library/gyejibujatang.md"	"335"	"6"	"3"	"very short"
"5"	"content"	"sasang-formula-library/haenginseungcheong-tang.md"	"464"	"6"	"3"	"very short"
"5"	"content"	"sasang-formula-library/hwalseokgosam-tang.md"	"390"	"6"	"3"	"very short"
"5"	"content"	"sasang-formula-library/hwangryeoncheongjang-tang.md"	"357"	"6"	"3"	"very short"
"5"	"content"	"sasang-formula-library/hwaseokjihwang-tang.md"	"378"	"6"	"3"	"very short"
"5"	"content"	"sasang-formula-library/hyangbujapalmul-tang.md"	"370"	"6"	"3"	"very short"
"5"	"content"	"sasang-formula-library/hyangso-san.md"	"327"	"6"	"3"	"very short"
"5"	"content"	"sasang-formula-library/hyeongbangdobaek-san.md"	"413"	"6"	"3"	"very short"
"5"	"content"	"sasang-formula-library/hyeongbangpaedok-san.md"	"419"	"6"	"3"	"very short"
"5"	"content"	"sasang-formula-library/hyeonsambaekho-tang.md"	"451"	"6"	"3"	"very short"
"5"	"content"	"sasang-formula-library/index.md"	"373"	"4"	"2"	"very short"
"5"	"content"	"sasang-formula-library/insamgyejibujatang.md"	"330"	"6"	"3"	"very short"
"5"	"content"	"sasang-formula-library/joripyewon-tang.md"	"387"	"6"	"3"	"very short"
"5"	"content"	"sasang-formula-library/mahwangjeongtong-tang.md"	"455"	"6"	"3"	"very short"
"5"	"content"	"sasang-formula-library/nabokjaseunggi-tang.md"	"399"	"6"	"3"	"very short"
"5"	"content"	"sasang-formula-library/osuyubujairijung-tang.md"	"394"	"6"	"3"	"very short"
"5"	"content"	"sasang-formula-library/seungjijowi-tang.md"	"401"	"6"	"3"	"very short"
"5"	"content"	"sasang-formula-library/seungyangpalmul-tang.md"	"340"	"6"	"3"	"very short"
"5"	"content"	"sasang-formula-library/sukjihwanggosam-tang.md"	"393"	"6"	"3"	"very short"
"5"	"content"	"sasang-formulas/decision-map.md"	"421"	"3"	"5"	"very short"
"5"	"content"	"sasang-formulas/soeumin-formulas.md"	"413"	"4"	"3"	"very short"
"5"	"content"	"sasang-formulas/taeeumin-formulas.md"	"404"	"5"	"3"	"very short"
"5"	"content"	"sasang-formulas/taeyangin-formulas.md"	"443"	"4"	"5"	"very short"
"5"	"content"	"sasang-guideline/nckm-resources.md"	"469"	"4"	"5"	"very short"
"5"	"content"	"sasang-history/historical-position.md"	"356"	"3"	"5"	"very short"
"5"	"content"	"sasang-history/lee-je-ma.md"	"388"	"3"	"5"	"very short"
"5"	"content"	"sasang-integrated/evidence.md"	"412"	"5"	"4"	"very short"
"5"	"content"	"sasang-integrated/taeyangin.md"	"375"	"4"	"5"	"very short"
"5"	"content"	"sasang-original-symptoms/interview-checklist.md"	"456"	"3"	"3"	"very short"
"5"	"content"	"sasang-progression/soeumin.md"	"401"	"7"	"4"	"very short"
"5"	"content"	"sasang-progression/soyangin.md"	"423"	"8"	"4"	"very short"
"5"	"content"	"sasang-progression/taeeumin.md"	"423"	"7"	"4"	"very short"
"5"	"content"	"sasang-progression/taeyangin.md"	"362"	"7"	"4"	"very short"
"5"	"content"	"sasang-research/diagnosis-research.md"	"453"	"3"	"5"	"very short"
"5"	"content"	"sasang-severity/clinical-priority.md"	"419"	"5"	"3"	"very short"
"5"	"content"	"sasang-severity/original-symptom-collapse.md"	"372"	"3"	"3"	"very short"
"5"	"content"	"sasang-severity/recovery-prognosis.md"	"376"	"4"	"3"	"very short"
"5"	"content"	"sasang-severity/soeumin.md"	"474"	"6"	"4"	"very short"
"5"	"content"	"sasang-severity/soyangin.md"	"440"	"4"	"4"	"very short"
"5"	"content"	"sasang-severity/taeeumin.md"	"427"	"5"	"4"	"very short"
"5"	"content"	"sasang-severity/taeyangin.md"	"350"	"5"	"3"	"very short"
"5"	"content"	"search-guide.md"	"356"	"6"	"4"	"very short"
"5"	"content"	"shanghan-network/yin-stages.md"	"359"	"5"	"4"	"very short"
"5"	"content"	"symptom-clinical/dyspepsia.md"	"368"	"6"	"3"	"very short"
"5"	"content"	"symptom-clinical/fatigue.md"	"374"	"5"	"3"	"very short"
"5"	"content"	"symptom-clinical/followup.md"	"281"	"4"	"3"	"very short"
"5"	"content"	"symptom-clinical/headache.md"	"390"	"6"	"3"	"very short"
"5"	"content"	"symptom-clinical/insomnia.md"	"392"	"6"	"3"	"very short"
"5"	"content"	"symptom-clinical/integrated-map.md"	"463"	"3"	"3"	"very short"
"5"	"content"	"symptom-clinical/low-back-pain.md"	"440"	"6"	"4"	"very short"
"5"	"content"	"symptom-clinical/rhinitis.md"	"381"	"6"	"3"	"very short"
"5"	"content"	"symptom-clinical/shoulder-pain.md"	"364"	"5"	"3"	"very short"
"5"	"content"	"symptoms/fatigue.md"	"488"	"3"	"10"	"very short"
"5"	"content"	"symptoms/longtail/shoulder-pain.md"	"407"	"3"	"6"	"very short"
"5"	"content"	"tags.md"	"450"	"3"	"5"	"very short"
"5"	"content"	"tonic-masterpieces/deer-antler/quality-parts.md"	"306"	"3"	"3"	"very short"
"5"	"content"	"tonic-masterpieces/selection-followup.md"	"306"	"4"	"3"	"very short"
"5"	"content"	"treatments/integrated-treatment.md"	"482"	"6"	"4"	"very short"
"5"	"content"	"wenbing-network/wei-qi-stages.md"	"396"	"4"	"4"	"very short"
"5"	"content"	"wenbing-network/ying-xue-stages.md"	"379"	"4"	"4"	"very short"
"3"	"content"	"acupuncture/acupoint-writing-guide.md"	"643"	"6"	"5"	"short"
"3"	"content"	"acupuncture/key-acupoints.md"	"500"	"3"	"3"	"short"
"3"	"content"	"acupuncture/points/bl13-feishu.md"	"880"	"9"	"5"	"short"
"3"	"content"	"acupuncture/points/bl17-geshu.md"	"867"	"9"	"5"	"short"
"3"	"content"	"acupuncture/points/bl18-ganshu.md"	"876"	"9"	"5"	"short"
"3"	"content"	"acupuncture/points/bl20-pishu.md"	"875"	"9"	"5"	"short"
"3"	"content"	"acupuncture/points/bl28-pangguangshu.md"	"874"	"9"	"5"	"short"
"3"	"content"	"acupuncture/points/bl62-shenmai.md"	"864"	"9"	"5"	"short"
"3"	"content"	"acupuncture/points/cv12-zhongwan.md"	"613"	"9"	"4"	"short"
"3"	"content"	"acupuncture/points/cv17-danzhong.md"	"876"	"9"	"5"	"short"
"3"	"content"	"acupuncture/points/cv4-guanyuan.md"	"620"	"9"	"4"	"short"
"3"	"content"	"acupuncture/points/gb20-fengchi.md"	"641"	"9"	"4"	"short"
"3"	"content"	"acupuncture/points/gb39-xuanzhong.md"	"865"	"9"	"5"	"short"
"3"	"content"	"acupuncture/points/gb40-qiuxu.md"	"846"	"9"	"5"	"short"
"3"	"content"	"acupuncture/points/gv14-dazhui.md"	"874"	"9"	"5"	"short"
"3"	"content"	"acupuncture/points/gv26-shuigou.md"	"884"	"9"	"5"	"short"
"3"	"content"	"acupuncture/points/gv4-mingmen.md"	"878"	"9"	"5"	"short"
"3"	"content"	"acupuncture/points/ht5-tongli.md"	"861"	"9"	"5"	"short"
"3"	"content"	"acupuncture/points/ki1-yongquan.md"	"886"	"9"	"5"	"short"
"3"	"content"	"acupuncture/points/ki7-fuliu.md"	"864"	"9"	"5"	"short"
"3"	"content"	"acupuncture/points/li10-shousanli.md"	"889"	"9"	"5"	"short"
"3"	"content"	"acupuncture/points/li20-yingxiang.md"	"879"	"9"	"5"	"short"
"3"	"content"	"acupuncture/points/lr13-zhangmen.md"	"861"	"9"	"5"	"short"
"3"	"content"	"acupuncture/points/lr14-qimen.md"	"864"	"9"	"5"	"short"
"3"	"content"	"acupuncture/points/lr8-ququan.md"	"897"	"9"	"5"	"short"
"3"	"content"	"acupuncture/points/lu1-zhongfu.md"	"898"	"9"	"5"	"short"
"3"	"content"	"acupuncture/points/lu5-chize.md"	"890"	"9"	"5"	"short"
"3"	"content"	"acupuncture/points/lu9-taiyuan.md"	"897"	"9"	"5"	"short"
"3"	"content"	"acupuncture/points/pc4-ximen.md"	"870"	"9"	"5"	"short"
"3"	"content"	"acupuncture/points/si11-tianzong.md"	"877"	"9"	"5"	"short"
"3"	"content"	"acupuncture/points/si6-yanglao.md"	"873"	"9"	"5"	"short"
"3"	"content"	"acupuncture/points/sp10-xuehai.md"	"885"	"9"	"5"	"short"
"3"	"content"	"acupuncture/points/st35-dubi.md"	"866"	"9"	"5"	"short"
"3"	"content"	"acupuncture/points/st37-shangjuxu.md"	"878"	"9"	"5"	"short"
"3"	"content"	"acupuncture/points/st42-chongyang.md"	"885"	"9"	"5"	"short"
"3"	"content"	"acupuncture/points/te17-yifeng.md"	"877"	"9"	"5"	"short"
"3"	"content"	"acupuncture-clinical/integrated-map.md"	"515"	"3"	"3"	"short"
"3"	"content"	"acupuncture-clinical/safety-redflags.md"	"511"	"4"	"3"	"short"
"3"	"content"	"acupuncture-integrated/how-acupoints-combine.md"	"607"	"7"	"5"	"short"
"3"	"content"	"acupuncture-integrated/points-for-digestion.md"	"551"	"7"	"5"	"short"
"3"	"content"	"acupuncture-integrated/points-for-headache.md"	"590"	"7"	"5"	"short"
"3"	"content"	"acupuncture-integrated/points-for-insomnia.md"	"547"	"7"	"5"	"short"
"3"	"content"	"acupuncture-integrated/points-for-low-back.md"	"568"	"7"	"5"	"short"
"3"	"content"	"acupuncture-integrated/points-for-neck-shoulder.md"	"564"	"7"	"5"	"short"
"3"	"content"	"acupuncture-integrated/points-for-rhinitis.md"	"535"	"7"	"5"	"short"
"3"	"content"	"acupuncture-integrated/points-for-stress-autonomic.md"	"565"	"7"	"5"	"short"
"3"	"content"	"acupuncture-integrated/points-for-urinary.md"	"562"	"7"	"5"	"short"
"3"	"content"	"acupuncture-integrated/points-for-womens-health.md"	"560"	"7"	"5"	"short"
"3"	"content"	"ai/clinic-knowledge-map.md"	"516"	"5"	"3"	"short"
"3"	"content"	"ai/patient-search-map.md"	"715"	"8"	"3"	"short"
"3"	"content"	"answer-guides/adult-acne-recurrent-guide.md"	"626"	"7"	"4"	"short"
"3"	"content"	"answer-guides/afternoon-eye-heavy-headache-guide.md"	"568"	"7"	"4"	"short"
"3"	"content"	"answer-guides/ankle-pain-swelling-after-walking-guide.md"	"538"	"7"	"4"	"short"
"3"	"content"	"answer-guides/back-stiff-after-sitting-guide.md"	"573"	"7"	"4"	"short"
"3"	"content"	"answer-guides/buttock-to-leg-pulling-guide.md"	"573"	"7"	"4"	"short"
"3"	"content"	"answer-guides/calf-cramp-guide.md"	"577"	"7"	"4"	"short"
"3"	"content"	"answer-guides/chest-tightness-normal-tests-guide.md"	"586"	"7"	"4"	"short"
"3"	"content"	"answer-guides/colloquial-symptom-synonyms.md"	"687"	"7"	"4"	"short"
"3"	"content"	"answer-guides/cross-legged-hip-pain-guide.md"	"557"	"7"	"4"	"short"
"3"	"content"	"answer-guides/deer-antler-guide.md"	"552"	"6"	"4"	"short"
"3"	"content"	"answer-guides/ear-fullness-normal-ent-guide.md"	"558"	"7"	"4"	"short"
"3"	"content"	"answer-guides/ear-temple-pain-guide.md"	"573"	"7"	"4"	"short"
"3"	"content"	"answer-guides/eczema-recurs-guide.md"	"654"	"7"	"4"	"short"
"3"	"content"	"answer-guides/elderly-tonic-guide.md"	"546"	"6"	"4"	"short"
"3"	"content"	"answer-guides/evening-lowback-pain-guide.md"	"562"	"7"	"4"	"short"
"3"	"content"	"answer-guides/facial-twitch-guide.md"	"592"	"7"	"4"	"short"
"3"	"content"	"answer-guides/front-neck-tightness-guide.md"	"559"	"7"	"4"	"short"
"3"	"content"	"answer-guides/gyeongsang-daegu-colloquial-guide.md"	"823"	"6"	"9"	"short"
"3"	"content"	"answer-guides/hand-tremor-stress-guide.md"	"562"	"7"	"4"	"short"
"3"	"content"	"answer-guides/incomplete-emptying-guide.md"	"597"	"7"	"4"	"short"
"3"	"content"	"answer-guides/itch-without-rash-guide.md"	"625"	"7"	"4"	"short"
"3"	"content"	"answer-guides/jaw-click-pain-guide.md"	"616"	"7"	"4"	"short"
"3"	"content"	"answer-guides/knee-clicking-guide.md"	"540"	"7"	"4"	"short"
"3"	"content"	"answer-guides/knee-pain-standing-up-guide.md"	"543"	"7"	"4"	"short"
"3"	"content"	"answer-guides/leg-numbness-without-back-pain-guide.md"	"601"	"7"	"4"	"short"
"3"	"content"	"answer-guides/morning-hand-swelling-guide.md"	"584"	"7"	"4"	"short"
"3"	"content"	"answer-guides/morning-jaw-clenching-guide.md"	"555"	"7"	"4"	"short"
"3"	"content"	"answer-guides/morning-low-back-pain-guide.md"	"579"	"6"	"4"	"short"
"3"	"content"	"answer-guides/night-appetite-guide.md"	"561"	"7"	"4"	"short"
"3"	"content"	"answer-guides/night-hives-guide.md"	"728"	"7"	"4"	"short"
"3"	"content"	"answer-guides/no-appetite-in-morning-guide.md"	"543"	"7"	"4"	"short"
"3"	"content"	"answer-guides/nocturia-guide.md"	"594"	"7"	"4"	"short"
"3"	"content"	"answer-guides/palpitations-at-rest-guide.md"	"579"	"7"	"4"	"short"
"3"	"content"	"answer-guides/perineal-heaviness-guide.md"	"553"	"7"	"4"	"short"
"3"	"content"	"answer-guides/reading-headache-guide.md"	"510"	"7"	"4"	"short"
"3"	"content"	"answer-guides/skin-and-digestion-guide.md"	"690"	"7"	"4"	"short"
"3"	"content"	"answer-guides/slow-recovery-after-drinking-guide.md"	"609"	"7"	"4"	"short"
"3"	"content"	"answer-guides/sole-pain-after-standing-guide.md"	"545"	"7"	"4"	"short"
"3"	"content"	"answer-guides/standing-dizziness-guide.md"	"613"	"7"	"4"	"short"
"3"	"content"	"answer-guides/stress-digestion-guide.md"	"891"	"7"	"7"	"short"
"3"	"content"	"answer-guides/stress-pressure-head-guide.md"	"544"	"7"	"4"	"short"
"3"	"content"	"answer-guides/stress-skin-flare-guide.md"	"631"	"7"	"4"	"short"
"3"	"content"	"answer-guides/stress-sugar-craving-guide.md"	"560"	"7"	"4"	"short"
"3"	"content"	"answer-guides/sudden-anxiety-body-symptoms-guide.md"	"592"	"7"	"4"	"short"
"3"	"content"	"answer-guides/tonic-fatigue-guide.md"	"538"	"5"	"5"	"short"
"3"	"content"	"answer-guides/top-of-foot-pain-no-injury-guide.md"	"534"	"7"	"4"	"short"
"3"	"content"	"answer-guides/walking-leg-pain-relief-rest-guide.md"	"597"	"7"	"4"	"short"
"3"	"content"	"answer-guides/weight-gain-despite-small-meals-guide.md"	"556"	"7"	"4"	"short"
"3"	"content"	"answer-guides/weight-loss-despite-eating-guide.md"	"601"	"7"	"4"	"short"
"3"	"content"	"authority/acupuncture.md"	"551"	"4"	"4"	"short"
"3"	"content"	"authority/buzhong-yiqi-tang.md"	"509"	"4"	"3"	"short"
"3"	"content"	"authority/conditions/allergic-rhinitis.md"	"820"	"5"	"7"	"short"
"3"	"content"	"authority/conditions/chronic-neck-pain.md"	"758"	"5"	"7"	"short"
"3"	"content"	"authority/conditions/fibromyalgia.md"	"867"	"6"	"4"	"short"
"3"	"content"	"authority/conditions/functional-dyspepsia.md"	"755"	"5"	"6"	"short"
"3"	"content"	"authority/conditions/knee-osteoarthritis.md"	"699"	"4"	"6"	"short"
"3"	"content"	"authority/conditions/lateral-epicondylitis.md"	"788"	"7"	"4"	"short"
"3"	"content"	"authority/conditions/migraine.md"	"784"	"5"	"5"	"short"
"3"	"content"	"authority/conditions/plantar-fasciitis.md"	"850"	"7"	"3"	"short"
"3"	"content"	"authority/conditions/post-stroke-depression.md"	"760"	"5"	"3"	"short"
"3"	"content"	"authority/conditions/post-stroke-sensory-pain.md"	"871"	"6"	"5"	"short"
"3"	"content"	"authority/conditions/post-stroke-shoulder-hand.md"	"742"	"4"	"4"	"short"
"3"	"content"	"authority/conditions/shoulder-pain.md"	"609"	"3"	"7"	"short"
"3"	"content"	"authority/conditions/stroke-rehabilitation.md"	"751"	"4"	"4"	"short"
"3"	"content"	"authority/conditions/tension-headache.md"	"610"	"4"	"4"	"short"
"3"	"content"	"authority/conditions/tmd.md"	"874"	"6"	"4"	"short"
"3"	"content"	"authority/duhuo-jisheng-tang.md"	"569"	"5"	"3"	"short"
"3"	"content"	"authority/gongjin-dan.md"	"551"	"4"	"3"	"short"
"3"	"content"	"authority/herbs/angelica.md"	"561"	"5"	"3"	"short"
"3"	"content"	"authority/herbs/astragalus.md"	"631"	"5"	"5"	"short"
"3"	"content"	"authority/herbs/ginseng.md"	"550"	"5"	"6"	"short"
"3"	"content"	"authority/herbs/ophiopogon.md"	"501"	"5"	"3"	"short"
"3"	"content"	"authority/herbs/velvet-antler.md"	"552"	"5"	"3"	"short"
"3"	"content"	"authority/herbs/ziziphus-seed.md"	"551"	"5"	"3"	"short"
"3"	"content"	"authority/low-back-pain.md"	"579"	"5"	"5"	"short"
"3"	"content"	"classics/beiji-qianjin-yaofang.md"	"650"	"6"	"5"	"short"
"3"	"content"	"classics/donguibogam/tangyeok/achyranthes.md"	"660"	"7"	"4"	"short"
"3"	"content"	"classics/donguibogam/tangyeok/angelica.md"	"687"	"6"	"4"	"short"
"3"	"content"	"classics/donguibogam/tangyeok/astragalus.md"	"624"	"6"	"3"	"short"
"3"	"content"	"classics/donguibogam/tangyeok/atractylodes.md"	"636"	"7"	"4"	"short"
"3"	"content"	"classics/donguibogam/tangyeok/chuanxiong.md"	"650"	"7"	"4"	"short"
"3"	"content"	"classics/donguibogam/tangyeok/citrus-peel.md"	"609"	"7"	"4"	"short"
"3"	"content"	"classics/donguibogam/tangyeok/deer-antler.md"	"634"	"6"	"3"	"short"
"3"	"content"	"classics/donguibogam/tangyeok/eucommia.md"	"601"	"7"	"4"	"short"
"3"	"content"	"classics/donguibogam/tangyeok/ginseng.md"	"659"	"6"	"4"	"short"
"3"	"content"	"classics/donguibogam/tangyeok/index.md"	"524"	"5"	"4"	"short"
"3"	"content"	"classics/donguibogam/tangyeok/licorice.md"	"660"	"7"	"4"	"short"
"3"	"content"	"classics/donguibogam/tangyeok/ophiopogon.md"	"640"	"7"	"4"	"short"
"3"	"content"	"classics/donguibogam/tangyeok/pinellia.md"	"652"	"7"	"4"	"short"
"3"	"content"	"classics/donguibogam/tangyeok/poria.md"	"621"	"7"	"4"	"short"
"3"	"content"	"classics/donguibogam/tangyeok/prepared-rehmannia.md"	"677"	"7"	"4"	"short"
"3"	"content"	"classics/donguibogam/tangyeok/white-peony.md"	"671"	"7"	"4"	"short"
"3"	"content"	"classics/donguibogam/tangyeok/ziziphus-seed.md"	"645"	"7"	"4"	"short"
"3"	"content"	"classics/donguisusebowon.md"	"618"	"5"	"5"	"short"
"3"	"content"	"classics/jinkui-yaolue.md"	"669"	"6"	"5"	"short"
"3"	"content"	"classics/piwei-lun.md"	"625"	"6"	"5"	"short"
"3"	"content"	"classics/shanghanlun/daqinglong.md"	"545"	"8"	"4"	"short"
"3"	"content"	"classics/shanghanlun/gegen-tang.md"	"533"	"8"	"4"	"short"
"3"	"content"	"classics/shanghanlun/guizhi-indication.md"	"595"	"9"	"5"	"short"
"3"	"content"	"classics/shanghanlun/guizhi-jia-gegen.md"	"527"	"8"	"4"	"short"
"3"	"content"	"classics/shanghanlun/mahuang-indication.md"	"598"	"9"	"5"	"short"
"3"	"content"	"classics/shanghanlun/maxing-ganshi.md"	"517"	"8"	"4"	"short"
"3"	"content"	"classics/shanghanlun/wuling-san.md"	"503"	"8"	"4"	"short"
"3"	"content"	"classics/shanghanlun/xiaochaihu-indication.md"	"603"	"8"	"4"	"short"
"3"	"content"	"classics/shanghanlun/xiaoqinglong.md"	"544"	"8"	"4"	"short"
"3"	"content"	"classics-network/comparison.md"	"529"	"3"	"5"	"short"
"3"	"content"	"classics-network/reading-path.md"	"503"	"4"	"5"	"short"
"3"	"content"	"clinical-guides/deer-antler-quality-map.md"	"706"	"11"	"3"	"short"
"3"	"content"	"clinical-reasoning/fatigue.md"	"502"	"4"	"8"	"short"
"3"	"content"	"concepts/deficiency-map.md"	"525"	"4"	"11"	"short"
"3"	"content"	"conditions/abdominal-gas.md"	"603"	"8"	"6"	"short"
"3"	"content"	"conditions/abdominal-obesity.md"	"603"	"8"	"6"	"short"
"3"	"content"	"conditions/abdominal-pain.md"	"623"	"8"	"4"	"short"
"3"	"content"	"conditions/achilles-pain.md"	"665"	"8"	"6"	"short"
"3"	"content"	"conditions/acne.md"	"605"	"8"	"5"	"short"
"3"	"content"	"conditions/acupuncture-frequency.md"	"637"	"7"	"5"	"short"
"3"	"content"	"conditions/acupuncture-herbal-combination.md"	"640"	"7"	"5"	"short"
"3"	"content"	"conditions/acupuncture-pain-question.md"	"620"	"7"	"5"	"short"
"3"	"content"	"conditions/allergic-skin.md"	"603"	"8"	"5"	"short"
"3"	"content"	"conditions/amenorrhea.md"	"645"	"8"	"5"	"short"
"3"	"content"	"conditions/anemia-fatigue.md"	"610"	"8"	"6"	"short"
"3"	"content"	"conditions/anemia-lab.md"	"633"	"7"	"6"	"short"
"3"	"content"	"conditions/ankle-instability.md"	"644"	"8"	"6"	"short"
"3"	"content"	"conditions/ankle-pain.md"	"595"	"8"	"4"	"short"
"3"	"content"	"conditions/atopic-dermatitis.md"	"610"	"8"	"5"	"short"
"3"	"content"	"conditions/back-stiffness.md"	"661"	"8"	"6"	"short"
"3"	"content"	"conditions/bad-breath.md"	"539"	"8"	"6"	"short"
"3"	"content"	"conditions/belching.md"	"584"	"8"	"6"	"short"
"3"	"content"	"conditions/bitter-taste.md"	"548"	"8"	"6"	"short"
"3"	"content"	"conditions/bloating.md"	"620"	"8"	"4"	"short"
"3"	"content"	"conditions/brain-fog.md"	"646"	"8"	"6"	"short"
"3"	"content"	"conditions/bronchitis-recovery.md"	"565"	"8"	"6"	"short"
"3"	"content"	"conditions/buttock-pain.md"	"635"	"8"	"5"	"short"
"3"	"content"	"conditions/calf-cramp.md"	"677"	"8"	"5"	"short"
"3"	"content"	"conditions/cancer-treatment-recovery.md"	"830"	"9"	"6"	"short"
"3"	"content"	"conditions/carpal-tunnel.md"	"603"	"8"	"4"	"short"
"3"	"content"	"conditions/cervicogenic-headache.md"	"596"	"8"	"6"	"short"
"3"	"content"	"conditions/checkup-gastritis.md"	"642"	"7"	"6"	"short"
"3"	"content"	"conditions/chest-tightness.md"	"507"	"8"	"4"	"short"
"3"	"content"	"conditions/child-abdominal-pain.md"	"653"	"8"	"6"	"short"
"3"	"content"	"conditions/child-cold-hands-feet.md"	"631"	"8"	"6"	"short"
"3"	"content"	"conditions/child-constipation.md"	"624"	"8"	"6"	"short"
"3"	"content"	"conditions/child-diarrhea.md"	"621"	"8"	"6"	"short"
"3"	"content"	"conditions/child-fatigue.md"	"628"	"8"	"6"	"short"
"3"	"content"	"conditions/child-growth.md"	"635"	"8"	"4"	"short"
"3"	"content"	"conditions/child-headache.md"	"635"	"8"	"6"	"short"
"3"	"content"	"conditions/child-motion-sickness.md"	"599"	"8"	"6"	"short"
"3"	"content"	"conditions/child-night-sweats.md"	"623"	"8"	"6"	"short"
"3"	"content"	"conditions/child-nosebleed.md"	"557"	"8"	"4"	"short"
"3"	"content"	"conditions/child-parent-tonic-guide.md"	"658"	"8"	"6"	"short"
"3"	"content"	"conditions/child-poor-appetite.md"	"565"	"8"	"4"	"short"
"3"	"content"	"conditions/child-recurrent-colds.md"	"553"	"8"	"4"	"short"
"3"	"content"	"conditions/child-rhinitis.md"	"570"	"8"	"4"	"short"
"3"	"content"	"conditions/child-sleep.md"	"632"	"8"	"6"	"short"
"3"	"content"	"conditions/chronic-cough.md"	"574"	"8"	"6"	"short"
"3"	"content"	"conditions/chronic-fatigue.md"	"644"	"7"	"11"	"short"
"3"	"content"	"conditions/chronic-prostatitis.md"	"673"	"8"	"6"	"short"
"3"	"content"	"conditions/cold-feet-circulation.md"	"604"	"8"	"6"	"short"
"3"	"content"	"conditions/cold-sensitivity.md"	"545"	"8"	"4"	"short"
"3"	"content"	"conditions/cold-sweaty-hands.md"	"646"	"8"	"6"	"short"
"3"	"content"	"conditions/cold-weather-body-ache.md"	"617"	"8"	"6"	"short"
"3"	"content"	"conditions/computer-neck-shoulder.md"	"588"	"8"	"6"	"short"
"3"	"content"	"conditions/constipation.md"	"597"	"8"	"4"	"short"
"3"	"content"	"conditions/constipation-hard-stool.md"	"587"	"8"	"6"	"short"
"3"	"content"	"conditions/cupping-question.md"	"632"	"7"	"5"	"short"
"3"	"content"	"conditions/dequervain.md"	"642"	"8"	"5"	"short"
"3"	"content"	"conditions/diarrhea.md"	"545"	"8"	"4"	"short"
"3"	"content"	"conditions/driving-neck-back-pain.md"	"600"	"8"	"6"	"short"
"3"	"content"	"conditions/dry-cough.md"	"538"	"8"	"6"	"short"
"3"	"content"	"conditions/dry-eye.md"	"561"	"8"	"4"	"short"
"3"	"content"	"conditions/dry-skin.md"	"574"	"8"	"5"	"short"
"3"	"content"	"conditions/dry-throat.md"	"552"	"8"	"6"	"short"
"3"	"content"	"conditions/dyshidrotic-eczema.md"	"565"	"8"	"5"	"short"
"3"	"content"	"conditions/dyslipidemia.md"	"635"	"7"	"6"	"short"
"3"	"content"	"conditions/ear-fullness.md"	"574"	"8"	"6"	"short"
"3"	"content"	"conditions/early-awakening.md"	"589"	"8"	"6"	"short"
"3"	"content"	"conditions/easy-bruising.md"	"605"	"8"	"6"	"short"
"3"	"content"	"conditions/eczema.md"	"520"	"8"	"4"	"short"
"3"	"content"	"conditions/eczema-hands.md"	"565"	"8"	"5"	"short"
"3"	"content"	"conditions/edema-weight.md"	"621"	"8"	"6"	"short"
"3"	"content"	"conditions/elderly-dry-mouth.md"	"766"	"9"	"6"	"short"
"3"	"content"	"conditions/elderly-tonic.md"	"771"	"9"	"6"	"short"
"3"	"content"	"conditions/electroacupuncture-question.md"	"625"	"7"	"5"	"short"
"3"	"content"	"conditions/elevated-liver-enzymes.md"	"632"	"7"	"6"	"short"
"3"	"content"	"conditions/erectile-difficulty.md"	"658"	"8"	"6"	"short"
"3"	"content"	"conditions/eye-fatigue.md"	"585"	"8"	"6"	"short"
"3"	"content"	"conditions/eye-twitching.md"	"573"	"8"	"6"	"short"
"3"	"content"	"conditions/facial-pain.md"	"578"	"8"	"6"	"short"
"3"	"content"	"conditions/facial-palsy.md"	"576"	"8"	"4"	"short"
"3"	"content"	"conditions/fatty-liver.md"	"632"	"7"	"6"	"short"
"3"	"content"	"conditions/fertility-fatigue.md"	"643"	"8"	"5"	"short"
"3"	"content"	"conditions/fracture-recovery.md"	"617"	"8"	"6"	"short"
"3"	"content"	"conditions/frailty-sarcopenia.md"	"668"	"8"	"6"	"short"
"3"	"content"	"conditions/frequent-colds-adult.md"	"585"	"8"	"6"	"short"
"3"	"content"	"conditions/frozen-shoulder.md"	"675"	"8"	"5"	"short"
"3"	"content"	"conditions/functional-dyspepsia.md"	"649"	"8"	"6"	"short"
"3"	"content"	"conditions/gastritis-symptoms.md"	"570"	"8"	"6"	"short"
"3"	"content"	"conditions/gerd.md"	"616"	"8"	"4"	"short"
"3"	"content"	"conditions/golfer-elbow.md"	"652"	"8"	"5"	"short"
"3"	"content"	"conditions/gongjin-dan-guide.md"	"631"	"8"	"6"	"short"
"3"	"content"	"conditions/growing-pains.md"	"565"	"8"	"4"	"short"
"3"	"content"	"conditions/gyeongokgo-guide.md"	"630"	"8"	"6"	"short"
"3"	"content"	"conditions/hamstring-tightness.md"	"648"	"8"	"6"	"short"
"3"	"content"	"conditions/healthy-weight-management.md"	"635"	"8"	"6"	"short"
"3"	"content"	"conditions/hearing-loss.md"	"573"	"8"	"6"	"short"
"3"	"content"	"conditions/heartburn.md"	"571"	"8"	"6"	"short"
"3"	"content"	"conditions/heavy-menstruation.md"	"651"	"8"	"5"	"short"
"3"	"content"	"conditions/heel-pain.md"	"666"	"8"	"6"	"short"
"3"	"content"	"conditions/herbal-before-after-meals.md"	"595"	"6"	"6"	"short"
"3"	"content"	"conditions/herbal-consultation-prep.md"	"609"	"6"	"6"	"short"
"3"	"content"	"conditions/herbal-customization.md"	"615"	"6"	"6"	"short"
"3"	"content"	"conditions/herbal-extract-products.md"	"809"	"8"	"6"	"short"
"3"	"content"	"conditions/herbal-followup.md"	"603"	"6"	"6"	"short"
"3"	"content"	"conditions/herbal-long-term.md"	"604"	"6"	"6"	"short"
"3"	"content"	"conditions/herbal-medicine-after-checkup.md"	"653"	"8"	"6"	"short"
"3"	"content"	"conditions/herbal-missed-dose.md"	"586"	"6"	"6"	"short"
"3"	"content"	"conditions/herbal-pills-decoction.md"	"578"	"6"	"6"	"short"
"3"	"content"	"conditions/herbal-storage.md"	"589"	"6"	"6"	"short"
"3"	"content"	"conditions/herbal-with-coffee.md"	"575"	"6"	"6"	"short"
"3"	"content"	"conditions/herbal-with-food.md"	"603"	"6"	"6"	"short"
"3"	"content"	"conditions/high-blood-pressure-checkup.md"	"624"	"8"	"6"	"short"
"3"	"content"	"conditions/hip-pain.md"	"653"	"8"	"5"	"short"
"3"	"content"	"conditions/hoarseness.md"	"564"	"8"	"6"	"short"
"3"	"content"	"conditions/hot-flush.md"	"519"	"8"	"4"	"short"
"3"	"content"	"conditions/hyperventilation.md"	"610"	"8"	"6"	"short"
"3"	"content"	"conditions/ibs.md"	"624"	"8"	"4"	"short"
"3"	"content"	"conditions/indigestion-headache.md"	"620"	"8"	"6"	"short"
"3"	"content"	"conditions/inflammation-markers.md"	"639"	"7"	"6"	"short"
"3"	"content"	"conditions/irregular-menstruation.md"	"637"	"8"	"4"	"short"
"3"	"content"	"conditions/jaw-clenching-bruxism.md"	"607"	"8"	"6"	"short"
"3"	"content"	"conditions/leg-heaviness.md"	"618"	"8"	"6"	"short"
"3"	"content"	"conditions/leg-swelling-evening.md"	"617"	"8"	"6"	"short"
"3"	"content"	"conditions/liver-supplements-herbal.md"	"817"	"8"	"6"	"short"
"3"	"content"	"conditions/loose-stool.md"	"563"	"8"	"6"	"short"
"3"	"content"	"conditions/low-back-pain-sitting.md"	"620"	"8"	"6"	"short"
"3"	"content"	"conditions/low-blood-pressure-symptoms.md"	"614"	"8"	"6"	"short"
"3"	"content"	"conditions/low-bone-density.md"	"625"	"7"	"6"	"short"
"3"	"content"	"conditions/low-immunity-recurrent-illness.md"	"768"	"9"	"6"	"short"
"3"	"content"	"conditions/male-fatigue-tonic.md"	"666"	"8"	"6"	"short"
"3"	"content"	"conditions/male-menopause.md"	"557"	"8"	"4"	"short"
"3"	"content"	"conditions/menopause-herbal.md"	"554"	"8"	"4"	"short"
"3"	"content"	"conditions/menopause-joint-pain.md"	"653"	"8"	"5"	"short"
"3"	"content"	"conditions/metabolic-syndrome.md"	"626"	"8"	"6"	"short"
"3"	"content"	"conditions/middle-age-weight.md"	"594"	"8"	"6"	"short"
"3"	"content"	"conditions/migraine.md"	"611"	"8"	"6"	"short"
"3"	"content"	"conditions/morning-diarrhea.md"	"599"	"8"	"6"	"short"
"3"	"content"	"conditions/morning-fatigue.md"	"626"	"8"	"6"	"short"
"3"	"content"	"conditions/morning-first-step-foot-pain.md"	"571"	"8"	"6"	"short"
"3"	"content"	"conditions/morning-stiffness.md"	"667"	"8"	"6"	"short"
"3"	"content"	"conditions/mouth-ulcer.md"	"557"	"8"	"6"	"short"
"3"	"content"	"conditions/mps-treatment-question.md"	"653"	"7"	"5"	"short"
"3"	"content"	"conditions/multi-supplement-review.md"	"862"	"8"	"6"	"short"
"3"	"content"	"conditions/muscle-tightness.md"	"667"	"8"	"6"	"short"
"3"	"content"	"conditions/nasal-congestion.md"	"559"	"8"	"6"	"short"
"3"	"content"	"conditions/natural-products-herbal.md"	"836"	"8"	"6"	"short"
"3"	"content"	"conditions/nausea.md"	"578"	"8"	"4"	"short"
"3"	"content"	"conditions/night-arm-numbness.md"	"570"	"8"	"6"	"short"
"3"	"content"	"conditions/night-eating.md"	"605"	"8"	"6"	"short"
"3"	"content"	"conditions/nocturia.md"	"651"	"8"	"6"	"short"
"3"	"content"	"conditions/nonrestorative-sleep.md"	"625"	"8"	"6"	"short"
"3"	"content"	"conditions/normal-checkup-fatigue.md"	"682"	"7"	"6"	"short"
"3"	"content"	"conditions/occipital-neuralgia.md"	"601"	"8"	"6"	"short"
"3"	"content"	"conditions/omega3-herbal.md"	"822"	"8"	"6"	"short"
"3"	"content"	"conditions/orthostatic-dizziness.md"	"616"	"8"	"6"	"short"
"3"	"content"	"conditions/overactive-bladder.md"	"647"	"8"	"6"	"short"
"3"	"content"	"conditions/overeating-binge.md"	"622"	"8"	"6"	"short"
"3"	"content"	"conditions/overhead-shoulder-pain.md"	"571"	"8"	"6"	"short"
"3"	"content"	"conditions/ovulation-pain.md"	"619"	"8"	"5"	"short"
"3"	"content"	"conditions/pcos.md"	"623"	"8"	"5"	"short"
"3"	"content"	"conditions/pelvic-floor-tension-men.md"	"664"	"8"	"6"	"short"
"3"	"content"	"conditions/pelvic-pain.md"	"530"	"8"	"4"	"short"
"3"	"content"	"conditions/perimenopause.md"	"623"	"8"	"5"	"short"
"3"	"content"	"conditions/pharmacopuncture-frequency.md"	"616"	"7"	"5"	"short"
"3"	"content"	"conditions/pharmacopuncture-pain.md"	"635"	"7"	"5"	"short"
"3"	"content"	"conditions/pharmacopuncture-what-is.md"	"648"	"7"	"5"	"short"
"3"	"content"	"conditions/phlegm.md"	"527"	"8"	"6"	"short"
"3"	"content"	"conditions/piriformis-syndrome.md"	"645"	"8"	"5"	"short"
"3"	"content"	"conditions/plantar-fasciitis.md"	"607"	"8"	"4"	"short"
"3"	"content"	"conditions/pms.md"	"562"	"8"	"4"	"short"
"3"	"content"	"conditions/pneumonia-recovery.md"	"609"	"8"	"6"	"short"
"3"	"content"	"conditions/poor-appetite-adult.md"	"653"	"8"	"6"	"short"
"3"	"content"	"conditions/poor-circulation-sensation.md"	"641"	"8"	"6"	"short"
"3"	"content"	"conditions/poor-recovery-after-exercise.md"	"643"	"8"	"6"	"short"
"3"	"content"	"conditions/poor-sleep-elderly.md"	"609"	"8"	"6"	"short"
"3"	"content"	"conditions/postherpetic-neuralgia.md"	"627"	"8"	"6"	"short"
"3"	"content"	"conditions/post-hospitalization-recovery.md"	"616"	"8"	"6"	"short"
"3"	"content"	"conditions/postmeal-sleepiness.md"	"594"	"8"	"6"	"short"
"3"	"content"	"conditions/postnasal-drip.md"	"519"	"8"	"4"	"short"
"3"	"content"	"conditions/postoperative-recovery.md"	"780"	"9"	"6"	"short"
"3"	"content"	"conditions/postpartum-herbal.md"	"588"	"8"	"4"	"short"
"3"	"content"	"conditions/postpartum-recovery.md"	"713"	"5"	"15"	"short"
"3"	"content"	"conditions/postpartum-sweating.md"	"602"	"8"	"5"	"short"
"3"	"content"	"conditions/postpartum-wrist-pain.md"	"639"	"8"	"5"	"short"
"3"	"content"	"conditions/post-viral-fatigue.md"	"637"	"8"	"6"	"short"
"3"	"content"	"conditions/post-void-dribble.md"	"645"	"8"	"6"	"short"
"3"	"content"	"conditions/preconception-herbal.md"	"603"	"8"	"4"	"short"
"3"	"content"	"conditions/prediabetes.md"	"629"	"7"	"6"	"short"
"3"	"content"	"conditions/probiotics-herbal.md"	"827"	"8"	"6"	"short"
"3"	"content"	"conditions/prostate-urinary-symptoms.md"	"569"	"8"	"4"	"short"
"3"	"content"	"conditions/pruritus.md"	"591"	"8"	"5"	"short"
"3"	"content"	"conditions/recurrent-sore-throat.md"	"553"	"8"	"6"	"short"
"3"	"content"	"conditions/red-ginseng-herbal.md"	"836"	"8"	"6"	"short"
"3"	"content"	"conditions/residual-urine.md"	"639"	"8"	"6"	"short"
"3"	"content"	"conditions/rhinitis.md"	"611"	"8"	"4"	"short"
"3"	"content"	"conditions/rotator-cuff-pain.md"	"655"	"8"	"5"	"short"
"3"	"content"	"conditions/scanty-menstruation.md"	"616"	"8"	"5"	"short"
"3"	"content"	"conditions/scapular-pain.md"	"630"	"8"	"6"	"short"
"3"	"content"	"conditions/sciatica.md"	"638"	"8"	"4"	"short"
"3"	"content"	"conditions/seborrheic-dermatitis.md"	"584"	"8"	"5"	"short"
"3"	"content"	"conditions/shingles.md"	"624"	"8"	"5"	"short"
"3"	"content"	"conditions/shortness-of-breath.md"	"563"	"8"	"6"	"short"
"3"	"content"	"conditions/sinusitis.md"	"550"	"8"	"4"	"short"
"3"	"content"	"conditions/smartphone-neck-pain.md"	"577"	"8"	"6"	"short"
"3"	"content"	"conditions/sneezing-runny-nose.md"	"551"	"8"	"6"	"short"
"3"	"content"	"conditions/sore-throat.md"	"541"	"8"	"4"	"short"
"3"	"content"	"conditions/squatting-knee-pain.md"	"573"	"8"	"6"	"short"
"3"	"content"	"conditions/stairs-knee-pain.md"	"576"	"8"	"6"	"short"
"3"	"content"	"conditions/standing-leg-back-pain.md"	"608"	"8"	"6"	"short"
"3"	"content"	"conditions/stress-fatigue.md"	"652"	"8"	"6"	"short"
"3"	"content"	"conditions/stress-gut.md"	"624"	"8"	"6"	"short"
"3"	"content"	"conditions/stress-neck-shoulder.md"	"635"	"8"	"6"	"short"
"3"	"content"	"conditions/stress-palpitations-digestion.md"	"659"	"8"	"6"	"short"
"3"	"content"	"conditions/student-concentration.md"	"646"	"8"	"4"	"short"
"3"	"content"	"conditions/student-stamina.md"	"563"	"8"	"4"	"short"
"3"	"content"	"conditions/supplements-herbal-medicine.md"	"874"	"8"	"6"	"short"
"3"	"content"	"conditions/taste-change.md"	"556"	"8"	"6"	"short"
"3"	"content"	"conditions/tennis-elbow.md"	"603"	"8"	"4"	"short"
"3"	"content"	"conditions/tension-headache.md"	"608"	"8"	"6"	"short"
"3"	"content"	"conditions/thigh-pain.md"	"649"	"8"	"6"	"short"
"3"	"content"	"conditions/thoracic-outlet-symptoms.md"	"631"	"8"	"6"	"short"
"3"	"content"	"conditions/thyroid-lab.md"	"638"	"7"	"6"	"short"
"3"	"content"	"conditions/tinnitus.md"	"560"	"8"	"4"	"short"
"3"	"content"	"conditions/tmj-pain.md"	"625"	"8"	"4"	"short"
"3"	"content"	"conditions/tongue-burning.md"	"539"	"8"	"6"	"short"
"3"	"content"	"conditions/tonic-age.md"	"623"	"8"	"6"	"short"
"3"	"content"	"conditions/tonic-duration.md"	"652"	"8"	"6"	"short"
"3"	"content"	"conditions/tonic-season.md"	"640"	"8"	"6"	"short"
"3"	"content"	"conditions/tonic-supplement-choice.md"	"862"	"8"	"6"	"short"
"3"	"content"	"conditions/tonic-vs-health-supplement.md"	"663"	"8"	"6"	"short"
"3"	"content"	"conditions/traffic-accident-sequelae.md"	"603"	"8"	"4"	"short"
"3"	"content"	"conditions/treatment-response-evaluation.md"	"646"	"7"	"5"	"short"
"3"	"content"	"conditions/trigeminal-neuralgia.md"	"628"	"8"	"6"	"short"
"3"	"content"	"conditions/trigger-finger.md"	"657"	"8"	"5"	"short"
"3"	"content"	"conditions/unintentional-weight-loss.md"	"638"	"8"	"6"	"short"
"3"	"content"	"conditions/urinary-frequency-stress.md"	"661"	"8"	"6"	"short"
"3"	"content"	"conditions/urticaria.md"	"652"	"8"	"5"	"short"
"3"	"content"	"conditions/vitamins-herbal.md"	"806"	"8"	"6"	"short"
"3"	"content"	"conditions/weak-urine-stream.md"	"640"	"8"	"6"	"short"
"3"	"content"	"conditions/weekend-fatigue.md"	"639"	"8"	"6"	"short"
"3"	"content"	"conditions/weight-management-herbal.md"	"590"	"8"	"4"	"short"
"3"	"content"	"conditions/weight-plateau.md"	"618"	"8"	"6"	"short"
"3"	"content"	"conditions/weight-regain.md"	"605"	"8"	"6"	"short"
"3"	"content"	"conditions/when-to-take-tonic.md"	"666"	"8"	"6"	"short"
"3"	"content"	"conditions/whole-body-ache.md"	"674"	"8"	"6"	"short"
"3"	"content"	"conditions/womens-herbal.md"	"549"	"8"	"4"	"short"
"3"	"content"	"conditions/wrist-pain.md"	"601"	"8"	"4"	"short"
"3"	"content"	"diagnostics/differentials/index.md"	"536"	"4"	"10"	"short"
"3"	"content"	"diagnostics/differentials/kidney-yin-vs-yang.md"	"603"	"7"	"4"	"short"
"3"	"content"	"diagnostics/differentials/liver-qi-vs-phlegm-chest.md"	"613"	"7"	"5"	"short"
"3"	"content"	"diagnostics/differentials/qi-deficiency-vs-kidney-deficiency-fatigue.md"	"552"	"7"	"5"	"short"
"3"	"content"	"diagnostics/eight-principles.md"	"521"	"6"	"3"	"short"
"3"	"content"	"diagnostics/four-examinations.md"	"608"	"9"	"5"	"short"
"3"	"content"	"diagnostics/qi-blood-fluid-patterns.md"	"689"	"14"	"10"	"short"
"3"	"content"	"diagnostics/zangfu-patterns.md"	"740"	"7"	"10"	"short"
"3"	"content"	"evidence-guide/evidence-ladder.md"	"562"	"3"	"5"	"short"
"3"	"content"	"formula-architecture/index.md"	"821"	"6"	"14"	"short"
"3"	"content"	"formula-architecture/sijunzi-family.md"	"557"	"3"	"4"	"short"
"3"	"content"	"formulas/baihu-tang.md"	"559"	"6"	"4"	"short"
"3"	"content"	"formulas/banxia-baizhu-tianma-tang.md"	"673"	"6"	"3"	"short"
"3"	"content"	"formulas/banxia-houpo-tang.md"	"555"	"6"	"4"	"short"
"3"	"content"	"formulas/banxia-xiexin-tang.md"	"589"	"7"	"3"	"short"
"3"	"content"	"formulas/baohe-wan.md"	"540"	"6"	"4"	"short"
"3"	"content"	"formulas/bawei-dihuang-wan.md"	"523"	"6"	"5"	"short"
"3"	"content"	"formulas/bazheng-san.md"	"559"	"6"	"4"	"short"
"3"	"content"	"formulas/bufei-tang.md"	"552"	"6"	"4"	"short"
"3"	"content"	"formulas/buhuanjin-zhengqi-san.md"	"588"	"6"	"4"	"short"
"3"	"content"	"formulas/buyang-huanwu-tang.md"	"575"	"6"	"4"	"short"
"3"	"content"	"formulas/buzhong-yiqi-classic.md"	"582"	"7"	"3"	"short"
"3"	"content"	"formulas/cangerzi-san.md"	"551"	"6"	"4"	"short"
"3"	"content"	"formulas/chaihu-jia-longgu-muli-tang.md"	"613"	"8"	"3"	"short"
"3"	"content"	"formulas/chaihu-shugan-san.md"	"569"	"6"	"4"	"short"
"3"	"content"	"formulas/chuanxiong-chatiao-san.md"	"550"	"6"	"4"	"short"
"3"	"content"	"formulas/dachaihu-tang.md"	"560"	"6"	"4"	"short"
"3"	"content"	"formulas/dachengqi-tang.md"	"549"	"6"	"4"	"short"
"3"	"content"	"formulas/danggui-buxue-tang.md"	"573"	"6"	"3"	"short"
"3"	"content"	"formulas/danggui-shaoyao-san.md"	"590"	"8"	"3"	"short"
"3"	"content"	"formulas/danggui-susan.md"	"643"	"8"	"3"	"short"
"3"	"content"	"formulas/daotan-tang.md"	"569"	"6"	"4"	"short"
"3"	"content"	"formulas/dingchuan-tang.md"	"558"	"6"	"4"	"short"
"3"	"content"	"formulas/duhuo-jisheng-classic.md"	"568"	"6"	"4"	"short"
"3"	"content"	"formulas/erchen-tang.md"	"624"	"7"	"3"	"short"
"3"	"content"	"formulas/fangfeng-tongsheng-san.md"	"731"	"7"	"3"	"short"
"3"	"content"	"formulas/fenxin-qiyin.md"	"692"	"6"	"3"	"short"
"3"	"content"	"formulas/guipi-classic.md"	"560"	"6"	"3"	"short"
"3"	"content"	"formulas/guizhi-fuling-wan.md"	"582"	"8"	"3"	"short"
"3"	"content"	"formulas/huanglian-jiedu-tang.md"	"553"	"6"	"4"	"short"
"3"	"content"	"formulas/huoxiang-zhengqi-san.md"	"574"	"6"	"4"	"short"
"3"	"content"	"formulas/jiawei-wendan-tang.md"	"627"	"6"	"3"	"short"
"3"	"content"	"formulas/jiawei-xiaoyao-san.md"	"559"	"6"	"4"	"short"
"3"	"content"	"formulas/jingjie-lianqiao-tang.md"	"604"	"7"	"3"	"short"
"3"	"content"	"formulas/lianqiao-baidu-san.md"	"547"	"6"	"4"	"short"
"3"	"content"	"formulas/linggui-zhugan-tang.md"	"553"	"6"	"4"	"short"
"3"	"content"	"formulas/liu wei dihuang wan.md"	"531"	"6"	"5"	"short"
"3"	"content"	"formulas/liujunzi-tang.md"	"644"	"7"	"10"	"short"
"3"	"content"	"formulas/longdan-xiegan-tang.md"	"582"	"6"	"4"	"short"
"3"	"content"	"formulas/maidong-tang.md"	"562"	"6"	"3"	"short"
"3"	"content"	"formulas/maxing-ganshi-tang.md"	"544"	"6"	"4"	"short"
"3"	"content"	"formulas/pingwei-san.md"	"725"	"8"	"3"	"short"
"3"	"content"	"formulas/qingshang-juantong-tang.md"	"572"	"6"	"4"	"short"
"3"	"content"	"formulas/qingshu-yiqi-tang.md"	"567"	"6"	"4"	"short"
"3"	"content"	"formulas/qingxin-lianzi-yin.md"	"595"	"6"	"3"	"short"
"3"	"content"	"formulas/renshen-suyin.md"	"550"	"6"	"4"	"short"
"3"	"content"	"formulas/renshen-yangwei-tang.md"	"558"	"6"	"3"	"short"
"3"	"content"	"formulas/sangju-yin.md"	"559"	"6"	"4"	"short"
"3"	"content"	"formulas/shengmai-san.md"	"537"	"6"	"4"	"short"
"3"	"content"	"formulas/shenling-baizhu-san.md"	"628"	"8"	"3"	"short"
"3"	"content"	"formulas/shipi-yin.md"	"562"	"6"	"4"	"short"
"3"	"content"	"formulas/shiquan-dabu-classic.md"	"537"	"6"	"4"	"short"
"3"	"content"	"formulas/shujing-huoxue-tang.md"	"633"	"8"	"3"	"short"
"3"	"content"	"formulas/sijunzi-tang.md"	"615"	"6"	"9"	"short"
"3"	"content"	"formulas/siwu-tang.md"	"567"	"6"	"6"	"short"
"3"	"content"	"formulas/ssanghwa-tang.md"	"626"	"7"	"3"	"short"
"3"	"content"	"formulas/suanzaoren-tang.md"	"522"	"6"	"5"	"short"
"3"	"content"	"formulas/suzi-jiangqi-tang.md"	"571"	"6"	"4"	"short"
"3"	"content"	"formulas/taohe-chengqi-tang.md"	"540"	"6"	"4"	"short"
"3"	"content"	"formulas/tianma-gouteng-yin.md"	"580"	"6"	"4"	"short"
"3"	"content"	"formulas/tianwang-buxin-dan.md"	"546"	"6"	"5"	"short"
"3"	"content"	"formulas/tiaojing-zhongyu-tang.md"	"554"	"6"	"4"	"short"
"3"	"content"	"formulas/weiling-tang.md"	"606"	"6"	"3"	"short"
"3"	"content"	"formulas/wenjing-tang.md"	"564"	"6"	"4"	"short"
"3"	"content"	"formulas/wujisan.md"	"698"	"7"	"3"	"short"
"3"	"content"	"formulas/wuji-san.md"	"628"	"8"	"3"	"short"
"3"	"content"	"formulas/wuling-san.md"	"550"	"6"	"4"	"short"
"3"	"content"	"formulas/wuyao-shunqi-san.md"	"555"	"6"	"3"	"short"
"3"	"content"	"formulas/xiangsha-liujunzi-tang.md"	"622"	"6"	"3"	"short"
"3"	"content"	"formulas/xiangsha-yangwei-tang.md"	"559"	"6"	"4"	"short"
"3"	"content"	"formulas/xiaochengqi-tang.md"	"540"	"6"	"4"	"short"
"3"	"content"	"formulas/xiaofeng-san.md"	"568"	"6"	"4"	"short"
"3"	"content"	"formulas/xiaoyao-san.md"	"545"	"6"	"4"	"short"
"3"	"content"	"formulas/xingsu-san.md"	"569"	"6"	"4"	"short"
"3"	"content"	"formulas/xuefu-zhuyu-tang.md"	"605"	"7"	"3"	"short"
"3"	"content"	"formulas/yinqiao-san.md"	"567"	"6"	"4"	"short"
"3"	"content"	"formulas/yupingfeng-san.md"	"535"	"6"	"4"	"short"
"3"	"content"	"formulas/zhenwu-tang.md"	"546"	"6"	"4"	"short"
"3"	"content"	"formulas/zhuling-tang.md"	"539"	"6"	"4"	"short"
"3"	"content"	"formulas/zhuye-shigao-tang.md"	"567"	"6"	"4"	"short"
"3"	"content"	"formulas/ziyin-jianghuo-tang.md"	"621"	"6"	"3"	"short"
"3"	"content"	"foundations/pathogenesis.md"	"692"	"9"	"7"	"short"
"3"	"content"	"foundations/qi-blood-fluid.md"	"883"	"6"	"14"	"short"
"3"	"content"	"foundations/yinyang-five-phases.md"	"646"	"7"	"3"	"short"
"3"	"content"	"herbal-integrated/formula-for-cold-cough.md"	"542"	"6"	"6"	"short"
"3"	"content"	"herbal-integrated/formula-for-digestion.md"	"544"	"6"	"6"	"short"
"3"	"content"	"herbal-integrated/formula-for-fatigue.md"	"559"	"6"	"6"	"short"
"3"	"content"	"herbal-integrated/formula-for-headache.md"	"518"	"6"	"6"	"short"
"3"	"content"	"herbal-integrated/formula-for-insomnia.md"	"537"	"6"	"6"	"short"
"3"	"content"	"herbal-integrated/formula-for-menopause.md"	"514"	"6"	"6"	"short"
"3"	"content"	"herbal-integrated/formula-for-pain.md"	"517"	"6"	"6"	"short"
"3"	"content"	"herbal-integrated/formula-for-women.md"	"531"	"6"	"6"	"short"
"3"	"content"	"herbal-integrated/formula-selection-guide.md"	"564"	"6"	"6"	"short"
"3"	"content"	"herbal-integrated/how-herbs-combine.md"	"542"	"6"	"5"	"short"
"3"	"content"	"herbs/anemarrhena.md"	"521"	"7"	"4"	"short"
"3"	"content"	"herbs/angelica-pubescens.md"	"539"	"7"	"4"	"short"
"3"	"content"	"herbs/atractylodes.md"	"661"	"8"	"4"	"short"
"3"	"content"	"herbs/categories/blood.md"	"819"	"8"	"12"	"short"
"3"	"content"	"herbs/categories/calm-spirit.md"	"500"	"6"	"5"	"short"
"3"	"content"	"herbs/categories/nourish-yin.md"	"666"	"8"	"3"	"short"
"3"	"content"	"herbs/chuanxiong.md"	"669"	"8"	"4"	"short"
"3"	"content"	"herbs/citrus-peel.md"	"587"	"8"	"4"	"short"
"3"	"content"	"herbs/cornus-fructus.md"	"792"	"7"	"7"	"short"
"3"	"content"	"herbs/ephedra.md"	"554"	"7"	"4"	"short"
"3"	"content"	"herbs/forsythia.md"	"519"	"7"	"4"	"short"
"3"	"content"	"herbs/gastrodia.md"	"605"	"8"	"3"	"short"
"3"	"content"	"herbs/gypsum.md"	"524"	"7"	"4"	"short"
"3"	"content"	"herbs/honey.md"	"541"	"6"	"5"	"short"
"3"	"content"	"herbs/jujube-seed.md"	"617"	"8"	"3"	"short"
"3"	"content"	"herbs/licorice.md"	"639"	"8"	"4"	"short"
"3"	"content"	"herbs/moschus.md"	"682"	"7"	"8"	"short"
"3"	"content"	"herbs/notopterygium.md"	"533"	"7"	"4"	"short"
"3"	"content"	"herbs/ophiopogon.md"	"651"	"8"	"4"	"short"
"3"	"content"	"herbs/phellodendron.md"	"521"	"7"	"4"	"short"
"3"	"content"	"herbs/pinellia.md"	"646"	"8"	"4"	"short"
"3"	"content"	"herbs/platycodon.md"	"506"	"7"	"4"	"short"
"3"	"content"	"herbs/polyporus.md"	"819"	"7"	"3"	"short"
"3"	"content"	"herbs/poria.md"	"585"	"8"	"4"	"short"
"3"	"content"	"herbs/prepared-rehmannia.md"	"685"	"8"	"4"	"short"
"3"	"content"	"herbs/pueraria.md"	"528"	"7"	"4"	"short"
"3"	"content"	"herbs/raphanus-seed.md"	"520"	"7"	"4"	"short"
"3"	"content"	"herbs/rehmannia-root-fresh.md"	"778"	"7"	"7"	"short"
"3"	"content"	"herbs/rhubarb.md"	"543"	"7"	"4"	"short"
"3"	"content"	"herbs/saposhnikovia.md"	"526"	"7"	"4"	"short"
"3"	"content"	"herbs/schizonepeta.md"	"520"	"7"	"4"	"short"
"3"	"content"	"herbs/scutellaria.md"	"529"	"7"	"4"	"short"
"3"	"content"	"herbs/uncaria.md"	"567"	"8"	"3"	"short"
"3"	"content"	"herbs/white-peony.md"	"694"	"8"	"4"	"short"
"3"	"content"	"herbs/ziziphus-seed.md"	"612"	"8"	"4"	"short"
"3"	"content"	"history/formula-history.md"	"731"	"7"	"12"	"short"
"3"	"content"	"history/schools-map.md"	"781"	"3"	"14"	"short"
"3"	"content"	"immune-allergy/tonic-herb-formula-map.md"	"513"	"3"	"10"	"short"
"3"	"content"	"meridian-network/by-condition.md"	"513"	"6"	"5"	"short"
"3"	"content"	"meridian-network/chong-vessel.md"	"534"	"8"	"5"	"short"
"3"	"content"	"meridian-network/conception-vessel.md"	"669"	"9"	"3"	"short"
"3"	"content"	"meridian-network/dai-vessel.md"	"524"	"8"	"5"	"short"
"3"	"content"	"meridian-network/extraordinary-vessels.md"	"649"	"5"	"10"	"short"
"3"	"content"	"meridian-network/gallbladder-meridian.md"	"696"	"6"	"2"	"short"
"3"	"content"	"meridian-network/governing-vessel.md"	"678"	"9"	"3"	"short"
"3"	"content"	"meridian-network/kidney-meridian.md"	"519"	"6"	"2"	"short"
"3"	"content"	"meridian-network/special-points/eight-confluent.md"	"520"	"8"	"3"	"short"
"3"	"content"	"meridian-network/special-points/lower-he-sea.md"	"643"	"5"	"5"	"short"
"3"	"content"	"meridian-network/stomach-meridian.md"	"684"	"6"	"2"	"short"
"3"	"content"	"meridian-network/yang-qiao-vessel.md"	"521"	"8"	"5"	"short"
"3"	"content"	"meridian-network/yang-wei-vessel.md"	"531"	"8"	"5"	"short"
"3"	"content"	"meridian-network/yin-qiao-vessel.md"	"523"	"8"	"5"	"short"
"3"	"content"	"meridian-network/yin-wei-vessel.md"	"525"	"8"	"5"	"short"
"3"	"content"	"metadata-audit-guide.md"	"805"	"10"	"3"	"short"
"3"	"content"	"network/acupoint-combinations.md"	"886"	"9"	"12"	"short"
"3"	"content"	"network/acupuncture-clinical-map.md"	"567"	"4"	"5"	"short"
"3"	"content"	"network/angelica-formulas.md"	"505"	"9"	"8"	"short"
"3"	"content"	"network/atractylodes-formulas.md"	"561"	"9"	"8"	"short"
"3"	"content"	"network/clinical-map.md"	"749"	"5"	"11"	"short"
"3"	"content"	"network/condition-expansion-map.md"	"584"	"6"	"10"	"short"
"3"	"content"	"network/dyspepsia-acupoints.md"	"731"	"3"	"5"	"short"
"3"	"content"	"network/dyspepsia-map.md"	"778"	"5"	"15"	"short"
"3"	"content"	"network/fatigue-acupoints.md"	"530"	"3"	"10"	"short"
"3"	"content"	"network/fatigue-map.md"	"817"	"6"	"12"	"short"
"3"	"content"	"network/formula-to-condition-map.md"	"820"	"6"	"17"	"short"
"3"	"content"	"network/ginseng-formulas.md"	"634"	"11"	"10"	"short"
"3"	"content"	"network/gongjin-composition.md"	"677"	"7"	"10"	"short"
"3"	"content"	"network/gongjin-vs-gyeongok.md"	"585"	"4"	"4"	"short"
"3"	"content"	"network/gyeongok-composition.md"	"704"	"7"	"10"	"short"
"3"	"content"	"network/gyeongok-go-map.md"	"682"	"6"	"11"	"short"
"3"	"content"	"network/heo-jun-lineage.md"	"600"	"4"	"9"	"short"
"3"	"content"	"network/index.md"	"680"	"5"	"14"	"short"
"3"	"content"	"network/insomnia-acupoints.md"	"745"	"3"	"7"	"short"
"3"	"content"	"network/insomnia-map.md"	"768"	"5"	"14"	"short"
"3"	"content"	"network/integrated-knowledge-graph.md"	"620"	"7"	"8"	"short"
"3"	"content"	"network/lee-je-ma-lineage.md"	"561"	"3"	"9"	"short"
"3"	"content"	"network/licorice-formulas.md"	"743"	"13"	"12"	"short"
"3"	"content"	"network/li-dongyuan-lineage.md"	"517"	"4"	"9"	"short"
"3"	"content"	"network/low-back-pain-acupoints.md"	"669"	"3"	"3"	"short"
"3"	"content"	"network/low-back-pain-map.md"	"662"	"7"	"11"	"short"
"3"	"content"	"network/navigation-guide.md"	"531"	"5"	"3"	"short"
"3"	"content"	"network/physician-classic-formula-lineage.md"	"525"	"3"	"5"	"short"
"3"	"content"	"network/poria-formulas.md"	"539"	"10"	"9"	"short"
"3"	"content"	"network/shanghan-taiyang-map.md"	"689"	"8"	"8"	"short"
"3"	"content"	"network/shipjeondaebo-composition.md"	"591"	"5"	"12"	"short"
"3"	"content"	"network/sun-simiao-lineage.md"	"517"	"4"	"7"	"short"
"3"	"content"	"network/treatment-methods-map.md"	"543"	"4"	"10"	"short"
"3"	"content"	"network/zhang-zhongjing-lineage.md"	"710"	"4"	"11"	"short"
"3"	"content"	"pillar/clinical-evidence.md"	"863"	"9"	"11"	"short"
"3"	"content"	"pillar/sleep-neuro.md"	"815"	"6"	"10"	"short"
"3"	"content"	"portal/acupuncture.md"	"809"	"3"	"3"	"short"
"3"	"content"	"portal/basics.md"	"776"	"3"	"3"	"short"
"3"	"content"	"portal/conditions.md"	"787"	"3"	"3"	"short"
"3"	"content"	"portal/evidence.md"	"808"	"3"	"3"	"short"
"3"	"content"	"portal/herbs-formulas.md"	"777"	"3"	"3"	"short"
"3"	"content"	"portal/maps.md"	"795"	"3"	"3"	"short"
"3"	"content"	"questions/choice/fatigue-gongjin-gyeongok.md"	"542"	"3"	"8"	"short"
"3"	"content"	"research/clinical-evidence-hub.md"	"815"	"6"	"6"	"short"
"3"	"content"	"research/clinical-trials.md"	"600"	"5"	"5"	"short"
"3"	"content"	"research/formulas/buzhong-yiqi-tang.md"	"734"	"5"	"3"	"short"
"3"	"content"	"research/formulas/guibi-tang.md"	"787"	"5"	"5"	"short"
"3"	"content"	"research/formulas/rikkunshito.md"	"857"	"6"	"5"	"short"
"3"	"content"	"research/formulas/shengmai-san.md"	"881"	"6"	"5"	"short"
"3"	"content"	"research/index.md"	"699"	"6"	"9"	"short"
"3"	"content"	"research/systematic-reviews.md"	"816"	"6"	"5"	"short"
"3"	"content"	"sasang/diagnosis-research.md"	"814"	"6"	"4"	"short"
"3"	"content"	"sasang/index.md"	"530"	"6"	"9"	"short"
"3"	"content"	"sasang/overview.md"	"538"	"3"	"5"	"short"
"3"	"content"	"sasang/sasang-formula-guide.md"	"506"	"6"	"5"	"short"
"3"	"content"	"sasang/sasang-intro-patient.md"	"510"	"6"	"5"	"short"
"3"	"content"	"sasang/sasang-vs-constitution.md"	"522"	"6"	"5"	"short"
"3"	"content"	"sasang/taeyangin.md"	"510"	"7"	"4"	"short"
"3"	"content"	"sasang-clinical-detail/clinical-algorithm.md"	"507"	"4"	"3"	"short"
"3"	"content"	"sasang-clinical-detail/four-constitution-comparison.md"	"523"	"3"	"4"	"short"
"3"	"content"	"sasang-clinical-detail/index.md"	"556"	"3"	"6"	"short"
"3"	"content"	"sasang-followup/mcgi-assessment.md"	"513"	"3"	"3"	"short"
"3"	"content"	"sasang-formula-cards/yanggyeoksanhwa-tang.md"	"502"	"3"	"3"	"short"
"3"	"content"	"sasang-formula-cards-2/jowiseungcheong-tang.md"	"507"	"4"	"3"	"short"
"3"	"content"	"sasang-formula-combination-network/pair-comparisons.md"	"817"	"5"	"8"	"short"
"3"	"content"	"sasang-formula-dose-fingerprint/constitution-dose-patterns.md"	"796"	"5"	"3"	"short"
"3"	"content"	"sasang-pattern-differential/soeumin-taeeum-vs-soeum.md"	"542"	"3"	"4"	"short"
"3"	"content"	"seo-aeo-standard.md"	"801"	"10"	"3"	"short"
"3"	"content"	"symptom-integrated/cold-hands-hot-flush.md"	"697"	"8"	"5"	"short"
"3"	"content"	"symptom-integrated/elderly-appetite-fatigue.md"	"642"	"7"	"3"	"short"
"3"	"content"	"symptom-integrated/fatigue-digestion.md"	"714"	"8"	"5"	"short"
"3"	"content"	"symptom-integrated/headache-dizziness.md"	"685"	"8"	"5"	"short"
"3"	"content"	"symptom-integrated/insomnia-palpitations.md"	"692"	"8"	"5"	"short"
"3"	"content"	"symptom-integrated/lowback-leg-numbness.md"	"697"	"8"	"5"	"short"
"3"	"content"	"symptom-integrated/menopause-insomnia.md"	"594"	"7"	"3"	"short"
"3"	"content"	"symptom-integrated/neck-headache.md"	"705"	"8"	"5"	"short"
"3"	"content"	"symptom-integrated/postpartum-fatigue-pain.md"	"713"	"8"	"5"	"short"
"3"	"content"	"symptom-integrated/rhinitis-cough.md"	"595"	"7"	"3"	"short"
"3"	"content"	"symptoms/musculoskeletal-pain.md"	"505"	"4"	"11"	"short"
"3"	"content"	"tonic-masterpieces/gongjindan/fatigue-evidence.md"	"524"	"4"	"3"	"short"
"3"	"content"	"treatments/acupuncture.md"	"511"	"5"	"3"	"short"
"3"	"content"	"treatments/cupping.md"	"861"	"10"	"5"	"short"
"3"	"content"	"treatments/electroacupuncture.md"	"840"	"7"	"3"	"short"
"3"	"content"	"treatments/moxibustion.md"	"703"	"8"	"5"	"short"
"3"	"content"	"treatments/thermal-tdp.md"	"510"	"7"	"4"	"short"
"3"	"content"	"zangfu-pattern-network/integrated-map.md"	"523"	"3"	"3"	"short"
"2"	"content"	"research/meta-analysis-index.md"	"1487"	"1"	"18"	"few sections"
"2"	"content"	"sasang-formula-dose-fingerprint/formula-fingerprint-table.md"	"2056"	"1"	"21"	"few sections"
"0"	"bridge"	"acupoint-network/bl23.md"	"306"	"2"	"5"	""
"0"	"bridge"	"acupoint-network/bl40.md"	"310"	"2"	"5"	""
"0"	"content"	"acupoint-network/by-condition.md"	"3409"	"16"	"23"	""
"0"	"bridge"	"acupoint-network/gv20.md"	"310"	"2"	"5"	""
"0"	"bridge"	"acupoint-network/ht7.md"	"302"	"2"	"5"	""
"0"	"content"	"acupoint-network/index.md"	"4191"	"14"	"79"	""
"0"	"bridge"	"acupoint-network/li4.md"	"301"	"2"	"5"	""
"0"	"bridge"	"acupoint-network/pc6.md"	"304"	"2"	"5"	""
"0"	"bridge"	"acupoint-network/sp6.md"	"315"	"2"	"5"	""
"0"	"bridge"	"acupoint-network/st36.md"	"312"	"2"	"5"	""
"0"	"bridge"	"acupuncture/extraordinary/chong.md"	"282"	"1"	"3"	""
"0"	"bridge"	"acupuncture/extraordinary/dai.md"	"282"	"1"	"3"	""
"0"	"bridge"	"acupuncture/extraordinary/du.md"	"286"	"1"	"3"	""
"0"	"bridge"	"acupuncture/extraordinary/ren.md"	"287"	"1"	"3"	""
"0"	"bridge"	"acupuncture/extraordinary/yangqiao.md"	"289"	"1"	"3"	""
"0"	"bridge"	"acupuncture/extraordinary/yangwei.md"	"287"	"1"	"3"	""
"0"	"bridge"	"acupuncture/extraordinary/yinqiao.md"	"287"	"1"	"3"	""
"0"	"bridge"	"acupuncture/extraordinary/yinwei.md"	"286"	"1"	"3"	""
"0"	"content"	"acupuncture/points/bl23-shenshu.md"	"1105"	"10"	"7"	""
"0"	"content"	"acupuncture/points/bl40-weizhong.md"	"1086"	"10"	"7"	""
"0"	"content"	"acupuncture/points/gb30-huantiao.md"	"902"	"9"	"5"	""
"0"	"content"	"acupuncture/points/gb34-yanglingquan.md"	"1103"	"10"	"7"	""
"0"	"content"	"acupuncture/points/gv20-baihui.md"	"1125"	"10"	"7"	""
"0"	"content"	"acupuncture/points/ht7-shenmen.md"	"1087"	"10"	"7"	""
"0"	"content"	"acupuncture/points/ki3-taixi.md"	"1079"	"10"	"7"	""
"0"	"content"	"acupuncture/points/li4-hegu.md"	"1105"	"10"	"7"	""
"0"	"content"	"acupuncture/points/lr3-taichong.md"	"1087"	"10"	"7"	""
"0"	"content"	"acupuncture/points/lu7-lieque.md"	"1104"	"10"	"7"	""
"0"	"content"	"acupuncture/points/pc6-neiguan.md"	"1126"	"10"	"7"	""
"0"	"content"	"acupuncture/points/sp6-sanyinjiao.md"	"1116"	"10"	"7"	""
"0"	"content"	"acupuncture/points/st36-zusanli.md"	"1123"	"10"	"7"	""
"0"	"content"	"acupuncture-integrated/by-symptom.md"	"5884"	"24"	"21"	""
"0"	"content"	"acupuncture-integrated/followup.md"	"1188"	"10"	"3"	""
"0"	"content"	"acupuncture-integrated/pharmacopuncture.md"	"7426"	"99"	"25"	""
"0"	"content"	"acupuncture-integrated/points-meridians.md"	"24059"	"207"	"8"	""
"0"	"content"	"ai/site-structure.md"	"914"	"9"	"10"	""
"0"	"content"	"ai-index.backup-20260821-174040.md"	"1105"	"10"	"5"	""
"0"	"content"	"ai-index.md"	"8240"	"27"	"138"	""
"0"	"content"	"answer-guides/acute-wry-neck-morning-guide.md"	"1117"	"9"	"8"	""
"0"	"content"	"answer-guides/afternoon-energy-crash-guide.md"	"1109"	"9"	"8"	""
"0"	"content"	"answer-guides/arm-numbness-without-shoulder-pain-guide.md"	"1105"	"9"	"8"	""
"0"	"content"	"answer-guides/bloating-gas-guide.md"	"942"	"8"	"7"	""
"0"	"content"	"answer-guides/brain-fog-focus-guide.md"	"1097"	"9"	"8"	""
"0"	"content"	"answer-guides/cold-and-numb-hands-feet-guide.md"	"1041"	"9"	"8"	""
"0"	"content"	"answer-guides/cold-hands-feet-guide.md"	"1092"	"9"	"8"	""
"0"	"content"	"answer-guides/delayed-lowback-pain-after-accident-guide.md"	"1145"	"9"	"8"	""
"0"	"content"	"answer-guides/dialect-symptom-search-map.md"	"1187"	"8"	"15"	""
"0"	"content"	"answer-guides/dizzy-after-meal-guide.md"	"1058"	"9"	"8"	""
"0"	"content"	"answer-guides/dyspepsia-guide.md"	"972"	"7"	"8"	""
"0"	"content"	"answer-guides/early-satiety-guide.md"	"927"	"8"	"7"	""
"0"	"content"	"answer-guides/evening-leg-swelling-guide.md"	"1052"	"9"	"8"	""
"0"	"content"	"answer-guides/fatigue-after-diet-guide.md"	"1118"	"9"	"8"	""
"0"	"content"	"answer-guides/fatigue-low-vitality-guide.md"	"1193"	"9"	"8"	""
"0"	"content"	"answer-guides/finger-color-change-cold-guide.md"	"1107"	"9"	"8"	""
"0"	"content"	"answer-guides/forgetful-low-focus-guide.md"	"1089"	"9"	"8"	""
"0"	"content"	"answer-guides/frequent-colds-child-tonic-guide.md"	"1131"	"9"	"8"	""
"0"	"content"	"answer-guides/headache-dizziness-after-accident-guide.md"	"1174"	"9"	"8"	""
"0"	"content"	"answer-guides/headache-neck-tension-guide.md"	"992"	"8"	"7"	""
"0"	"content"	"answer-guides/index.md"	"4616"	"11"	"76"	""
"0"	"content"	"answer-guides/inner-shoulder-blade-pain-computer-guide.md"	"1099"	"9"	"8"	""
"0"	"content"	"answer-guides/lighter-period-guide.md"	"1129"	"9"	"8"	""
"0"	"content"	"answer-guides/menopause-heat-sleep-guide.md"	"1108"	"9"	"8"	""
"0"	"content"	"answer-guides/midlife-stamina-drop-guide.md"	"1140"	"9"	"8"	""
"0"	"content"	"answer-guides/neck-turn-shoulder-pain-guide.md"	"1098"	"9"	"8"	""
"0"	"content"	"answer-guides/next-day-neck-pain-after-accident-guide.md"	"1197"	"9"	"8"	""
"0"	"content"	"answer-guides/night-hand-numbness-guide.md"	"964"	"8"	"6"	""
"0"	"content"	"answer-guides/night-shoulder-pain-guide.md"	"1086"	"9"	"8"	""
"0"	"content"	"answer-guides/normal-endoscopy-dyspepsia-guide.md"	"1031"	"8"	"8"	""
"0"	"content"	"answer-guides/normal-tests-persistent-fatigue-guide.md"	"1150"	"9"	"8"	""
"0"	"content"	"answer-guides/normal-xray-persistent-pain-after-accident-guide.md"	"1190"	"9"	"8"	""
"0"	"content"	"answer-guides/one-cold-foot-guide.md"	"1113"	"9"	"8"	""
"0"	"content"	"answer-guides/overhead-shoulder-pain-guide.md"	"971"	"8"	"7"	""
"0"	"content"	"answer-guides/period-pain-worsening-guide.md"	"1094"	"9"	"8"	""
"0"	"content"	"answer-guides/pms-headache-swelling-guide.md"	"1125"	"9"	"8"	""
"0"	"content"	"answer-guides/poor-appetite-slow-growth-guide.md"	"1125"	"9"	"8"	""
"0"	"content"	"answer-guides/postmeal-sleepiness-guide.md"	"1009"	"7"	"8"	""
"0"	"content"	"answer-guides/postpartum-recovery-slow-guide.md"	"1180"	"9"	"8"	""
"0"	"content"	"answer-guides/post-period-fatigue-guide.md"	"1125"	"9"	"8"	""
"0"	"content"	"answer-guides/post-viral-fatigue-guide.md"	"1102"	"9"	"8"	""
"0"	"content"	"answer-guides/recovery-after-treatment-guide.md"	"1075"	"8"	"8"	""
"0"	"content"	"answer-guides/shorter-than-peers-growth-guide.md"	"1217"	"9"	"8"	""
"0"	"content"	"answer-guides/shoulder-pain-reaching-behind-guide.md"	"1093"	"9"	"8"	""
"0"	"content"	"answer-guides/sleep-and-child-growth-guide.md"	"1145"	"9"	"8"	""
"0"	"content"	"answer-guides/sleep-autonomic-guide.md"	"1114"	"8"	"8"	""
"0"	"content"	"answer-guides/sleep-palpitations-after-accident-guide.md"	"1146"	"9"	"8"	""
"0"	"content"	"answer-guides/still-tired-after-weekend-sleep-guide.md"	"1105"	"9"	"8"	""
"0"	"content"	"answer-guides/student-stamina-focus-guide.md"	"975"	"7"	"8"	""
"0"	"content"	"answer-guides/thin-low-stamina-child-guide.md"	"1139"	"9"	"8"	""
"0"	"content"	"answer-guides/tired-after-small-activity-guide.md"	"1123"	"9"	"8"	""
"0"	"content"	"answer-guides/tired-from-morning-guide.md"	"1098"	"9"	"8"	""
"0"	"content"	"answer-guides/unclear-head-after-sleep-guide.md"	"1053"	"9"	"8"	""
"0"	"content"	"answer-guides/when-child-tonic-guide.md"	"1166"	"9"	"8"	""
"0"	"content"	"answer-guides/when-to-stop-treatment-after-accident-guide.md"	"1176"	"9"	"8"	""
"0"	"content"	"answer-guides/women-lifecycle-guide.md"	"1005"	"8"	"8"	""
"0"	"content"	"authority/conditions/carpal-tunnel.md"	"909"	"6"	"4"	""
"0"	"content"	"authority/conditions/postherpetic-neuralgia.md"	"1125"	"6"	"4"	""
"0"	"content"	"authority/conditions/post-stroke-dysphagia.md"	"1044"	"6"	"3"	""
"0"	"content"	"authority/conditions/post-stroke-spasticity.md"	"1061"	"5"	"4"	""
"0"	"content"	"clinical-core/index.md"	"1755"	"13"	"19"	""
"0"	"content"	"clinical-guides/deer-antler-tonic-guide.md"	"2048"	"13"	"22"	""
"0"	"content"	"clinical-guides/gyeongokgo-composition-quality-guide.md"	"1003"	"7"	"8"	""
"0"	"content"	"clinical-guides/tonic-comparison-matrix.md"	"900"	"4"	"9"	""
"0"	"content"	"clinical-guides/tonic-decision-map.md"	"1160"	"6"	"14"	""
"0"	"content"	"clinical-guides/tonic-evidence-dashboard.md"	"936"	"11"	"11"	""
"0"	"content"	"clinical-guides/tonic-formula-design-dose-atlas.md"	"2626"	"15"	"17"	""
"0"	"content"	"clinical-guides/tonic-formula-dose-source-quality.md"	"1734"	"12"	"9"	""
"0"	"content"	"clinical-guides/tonic-research-deep-guide.md"	"961"	"9"	"12"	""
"0"	"content"	"conditions/common-cold.md"	"1413"	"8"	"6"	""
"0"	"content"	"conditions/custom-herbal-medicine.md"	"978"	"9"	"12"	""
"0"	"content"	"conditions/deer-antler-tonic-guide.md"	"988"	"9"	"13"	""
"0"	"content"	"conditions/energy-recovery.md"	"953"	"10"	"11"	""
"0"	"content"	"conditions/index.md"	"8061"	"15"	"209"	""
"0"	"content"	"conditions/menopause.md"	"1178"	"10"	"9"	""
"0"	"content"	"diagnostics/differentials/qi-vs-blood-vs-qi-blood.md"	"1367"	"10"	"18"	""
"0"	"content"	"diagnostics/index.md"	"1211"	"7"	"13"	""
"0"	"content"	"diagnostics/patterns/blood-deficiency.md"	"1174"	"10"	"16"	""
"0"	"content"	"diagnostics/patterns/index.md"	"1077"	"5"	"17"	""
"0"	"content"	"diagnostics/patterns/qi-blood-deficiency.md"	"1188"	"10"	"16"	""
"0"	"content"	"evidence-integrated/index.md"	"3287"	"18"	"18"	""
"0"	"content"	"faq/acupuncture-faq.md"	"2037"	"7"	"6"	""
"0"	"content"	"faq/classics-evidence-faq.md"	"2187"	"7"	"6"	""
"0"	"content"	"faq/conditions-faq.md"	"2074"	"7"	"6"	""
"0"	"content"	"faq/herbs-faq.md"	"2008"	"7"	"6"	""
"0"	"content"	"faq/index.md"	"1298"	"3"	"3"	""
"0"	"content"	"faq/sasang-faq.md"	"1724"	"6"	"5"	""
"0"	"content"	"faq/tonic-faq.md"	"2185"	"7"	"6"	""
"0"	"content"	"formulas/bazhen-tang.md"	"1047"	"9"	"10"	""
"0"	"content"	"formulas/buzhong-yiqi-tang.md"	"1242"	"11"	"8"	""
"0"	"content"	"formulas/duhuo-jisheng-tang.md"	"1243"	"9"	"5"	""
"0"	"content"	"formulas/gongjin-dan.md"	"1926"	"9"	"11"	""
"0"	"content"	"formulas/guibi-tang.md"	"1557"	"8"	"9"	""
"0"	"content"	"formulas/gyeongok-go.md"	"1842"	"10"	"11"	""
"0"	"content"	"formulas/huishou-san.md"	"1009"	"9"	"4"	""
"0"	"content"	"formulas/index.md"	"3016"	"16"	"49"	""
"0"	"content"	"formulas/shi-quan-da-bu-tang.md"	"1233"	"7"	"13"	""
"0"	"content"	"formulas/wendan-tang.md"	"1199"	"8"	"3"	""
"0"	"content"	"herbal-integrated/by-symptom-treatment.md"	"3691"	"12"	"58"	""
"0"	"content"	"herbal-integrated/formulas.md"	"3095"	"12"	"64"	""
"0"	"content"	"herbal-integrated/formula-structure.md"	"1100"	"12"	"5"	""
"0"	"content"	"herbal-integrated/general-formulary.md"	"6526"	"31"	"76"	""
"0"	"content"	"herbal-integrated/herb-comparisons.md"	"2901"	"12"	"50"	""
"0"	"content"	"herbal-integrated/herbs.md"	"2400"	"10"	"41"	""
"0"	"content"	"herbal-integrated/insurance-herbal.md"	"1849"	"15"	"12"	""
"0"	"content"	"herbs/achyranthes.md"	"980"	"9"	"5"	""
"0"	"content"	"herbs/aconite.md"	"1008"	"9"	"5"	""
"0"	"content"	"herbs/acorus.md"	"989"	"9"	"5"	""
"0"	"content"	"herbs/alisma.md"	"1110"	"7"	"4"	""
"0"	"content"	"herbs/alisma-extra.md"	"985"	"9"	"5"	""
"0"	"content"	"herbs/amomum.md"	"980"	"9"	"5"	""
"0"	"content"	"herbs/angelica.md"	"1322"	"9"	"8"	""
"0"	"content"	"herbs/apricot-kernel.md"	"974"	"9"	"5"	""
"0"	"content"	"herbs/arctium.md"	"981"	"9"	"5"	""
"0"	"content"	"herbs/astragalus.md"	"1149"	"8"	"6"	""
"0"	"content"	"herbs/astragalus-tonic-guide.md"	"904"	"9"	"3"	""
"0"	"content"	"herbs/aucklandia.md"	"986"	"9"	"5"	""
"0"	"content"	"herbs/bupleurum.md"	"982"	"9"	"5"	""
"0"	"content"	"herbs/categories/tonics.md"	"1260"	"6"	"20"	""
"0"	"content"	"herbs/cervi-parvum-cornu.md"	"2429"	"12"	"15"	""
"0"	"content"	"herbs/cinnamon-bark.md"	"989"	"8"	"5"	""
"0"	"content"	"herbs/citrus-immature.md"	"987"	"9"	"5"	""
"0"	"content"	"herbs/coix.md"	"984"	"9"	"5"	""
"0"	"content"	"herbs/coptis.md"	"979"	"9"	"5"	""
"0"	"content"	"herbs/cornus-extra.md"	"979"	"9"	"5"	""
"0"	"content"	"herbs/cornus-fruit.md"	"1082"	"8"	"5"	""
"0"	"content"	"herbs/cyperus.md"	"991"	"9"	"5"	""
"0"	"content"	"herbs/dipsacus.md"	"977"	"9"	"5"	""
"0"	"content"	"herbs/dried-ginger.md"	"983"	"9"	"5"	""
"0"	"content"	"herbs/drynaria.md"	"979"	"9"	"5"	""
"0"	"content"	"herbs/eucommia.md"	"973"	"9"	"5"	""
"0"	"content"	"herbs/fresh-ginger.md"	"989"	"9"	"5"	""
"0"	"content"	"herbs/fresh-rehmannia.md"	"950"	"7"	"4"	""
"0"	"content"	"herbs/fritillaria.md"	"995"	"9"	"5"	""
"0"	"content"	"herbs/gardenia.md"	"977"	"9"	"5"	""
"0"	"content"	"herbs/ginseng.md"	"1313"	"8"	"8"	""
"0"	"content"	"herbs/honeysuckle.md"	"974"	"9"	"5"	""
"0"	"content"	"herbs/index.md"	"1504"	"9"	"24"	""
"0"	"content"	"herbs/lily.md"	"970"	"9"	"5"	""
"0"	"content"	"herbs/longan.md"	"979"	"9"	"5"	""
"0"	"content"	"herbs/magnolia-bark.md"	"979"	"9"	"5"	""
"0"	"content"	"herbs/mint.md"	"977"	"9"	"5"	""
"0"	"content"	"herbs/moutan.md"	"984"	"9"	"5"	""
"0"	"content"	"herbs/musk.md"	"1073"	"8"	"3"	""
"0"	"content"	"herbs/ophiopogon-extra.md"	"980"	"9"	"5"	""
"0"	"content"	"herbs/peach-kernel.md"	"977"	"9"	"5"	""
"0"	"content"	"herbs/perilla-leaf.md"	"979"	"9"	"5"	""
"0"	"content"	"herbs/plantago-seed.md"	"989"	"9"	"5"	""
"0"	"content"	"herbs/polygala.md"	"982"	"9"	"5"	""
"0"	"content"	"herbs/rehmannia-preparata.md"	"953"	"9"	"4"	""
"0"	"content"	"herbs/safflower.md"	"975"	"9"	"5"	""
"0"	"content"	"herbs/salvia.md"	"992"	"9"	"5"	""
"0"	"content"	"herbs/sasang-formula-reverse-index.md"	"5518"	"3"	"102"	""
"0"	"content"	"herbs/schisandra.md"	"1125"	"8"	"5"	""
"0"	"content"	"herbs/schisandra-extra.md"	"984"	"9"	"5"	""
"0"	"content"	"herbs/thuja-seed.md"	"979"	"9"	"5"	""
"0"	"content"	"herbs/trichosanthes-root.md"	"987"	"9"	"5"	""
"0"	"content"	"history/timeline.md"	"1012"	"8"	"17"	""
"0"	"content"	"index.md"	"1259"	"3"	"5"	""
"0"	"content"	"meridian-network/bladder-meridian.md"	"903"	"6"	"2"	""
"0"	"content"	"meridian-network/index.md"	"1392"	"7"	"30"	""
"0"	"content"	"meridian-network/special-points/index.md"	"1338"	"5"	"27"	""
"0"	"content"	"network/formula-family-map.md"	"1656"	"13"	"37"	""
"0"	"content"	"network/herb-pair-combinations.md"	"937"	"9"	"22"	""
"0"	"content"	"network/recovery-map.md"	"1212"	"7"	"22"	""
"0"	"content"	"network/tonic-formula-compare.md"	"1216"	"7"	"9"	""
"0"	"content"	"network/tonic-formula-lineage.md"	"986"	"10"	"10"	""
"0"	"content"	"network/tonic-wellness-hub.md"	"1448"	"8"	"18"	""
"0"	"content"	"pillar/acupuncture-treatment.md"	"1027"	"8"	"15"	""
"0"	"content"	"pillar/digestion-spleen-stomach.md"	"1051"	"7"	"13"	""
"0"	"content"	"pillar/index.md"	"1081"	"5"	"19"	""
"0"	"content"	"pillar/pain-musculoskeletal.md"	"1525"	"11"	"24"	""
"0"	"content"	"pillar/tonic-recovery.md"	"1694"	"6"	"23"	""
"0"	"content"	"research/evidence-levels.md"	"999"	"9"	"5"	""
"0"	"content"	"research/formulas/duhuo-jisheng-tang.md"	"1204"	"8"	"5"	""
"0"	"content"	"research/formulas/gongjin-dan.md"	"977"	"6"	"5"	""
"0"	"content"	"research/formulas/gyeongok-go.md"	"978"	"6"	"5"	""
"0"	"content"	"research/formulas/index.md"	"1094"	"3"	"17"	""
"0"	"content"	"research/formulas/sipjeondaebo-tang.md"	"1002"	"6"	"5"	""
"0"	"content"	"research/references/index.md"	"3190"	"3"	"28"	""
"0"	"references"	"sasang-clinical-detail/references.md"	"1007"	"4"	"0"	""
"0"	"content"	"sasang-clinical-detail/soeumin.md"	"1221"	"10"	"4"	""
"0"	"content"	"sasang-clinical-detail/soyangin.md"	"1228"	"10"	"4"	""
"0"	"content"	"sasang-clinical-detail/taeeumin.md"	"1159"	"13"	"4"	""
"0"	"content"	"sasang-clinical-detail/taeyangin.md"	"949"	"7"	"4"	""
"0"	"references"	"sasang-followup/references.md"	"610"	"1"	"0"	""
"0"	"references"	"sasang-formula-cards/references.md"	"857"	"1"	"0"	""
"0"	"references"	"sasang-formula-cards-2/references.md"	"339"	"1"	"0"	""
"0"	"content"	"sasang-formula-combination-network/soyangin-network.md"	"986"	"3"	"9"	""
"0"	"content"	"sasang-formula-combination-network/taeeumin-network.md"	"1038"	"3"	"9"	""
"0"	"content"	"sasang-formula-dose-fingerprint/core-dose-map.md"	"3469"	"22"	"21"	""
"0"	"content"	"sasang-formula-dose-fingerprint/dose-pair-comparisons.md"	"1253"	"5"	"8"	""
"0"	"content"	"sasang-integrated/formulas.md"	"1945"	"12"	"34"	""
"0"	"content"	"sasang-integrated/index.md"	"1031"	"4"	"17"	""
"0"	"content"	"sasang-integrated/soeumin.md"	"1904"	"13"	"5"	""
"0"	"content"	"sasang-integrated/soyangin.md"	"1332"	"8"	"12"	""
"0"	"content"	"sasang-integrated/taeeumin.md"	"1293"	"7"	"12"	""
"0"	"references"	"sasang-original-symptoms/references.md"	"786"	"1"	"0"	""
"0"	"references"	"sasang-pattern-differential/references.md"	"708"	"1"	"0"	""
"0"	"references"	"sasang-severity/references.md"	"768"	"1"	"0"	""
"0"	"content"	"symptom-integrated/autonomic-stress.md"	"2365"	"18"	"22"	""
"0"	"content"	"symptom-integrated/digestive.md"	"2253"	"18"	"17"	""
"0"	"content"	"symptom-integrated/index.md"	"6997"	"14"	"95"	""
"0"	"content"	"symptom-integrated/pain.md"	"3094"	"20"	"21"	""
"0"	"content"	"symptom-integrated/respiratory-rhinitis.md"	"2104"	"19"	"18"	""
"0"	"content"	"symptom-integrated/sleep-fatigue.md"	"2563"	"19"	"22"	""
"0"	"content"	"symptom-integrated/treatment-evidence.md"	"6268"	"37"	"32"	""
"0"	"template"	"templates/classic-template.md"	"77"	"10"	"0"	""
"0"	"template"	"templates/condition-template.md"	"91"	"10"	"0"	""
"0"	"template"	"templates/formula-template.md"	"114"	"16"	"0"	""
"0"	"template"	"templates/herb-template.md"	"197"	"12"	"0"	""
"0"	"template"	"templates/research-template.md"	"107"	"12"	"0"	""
"0"	"references"	"tonic-masterpieces/references.md"	"1010"	"4"	"0"	""
"0"	"content"	"treatments/index.md"	"1202"	"3"	"4"	""
"0"	"content"	"treatments/pharmacopuncture.md"	"982"	"7"	"3"	""
