entity_id,meridian_code,name_ko,name_zh,meridian,location_ko,location_en,method,needling,category
LU1,LU,중부,中府,수태음폐경,"앞가슴부위, 첫째 갈비사이공간(the 1st intercostal space)과 같은 높이, 빗장아래오목(infraclavicular fossa)의 가쪽, 앞정중선(anterior median line)에서 가쪽으로 6寸.","On the anterior thoracic region, at the same level as the first intercostal space, lateral to the infraclavicular fossa, 6 B-cun lateral to the anterior median line.","먼저 雲門(LU2)을 정한 후, 雲門(LU2)에서 아래쪽으로 1寸이 되는 지점에서 취혈한다.","- 直刺 0.3～0.5寸

- 斜刺 0.5～1寸",acupoint
LU2,LU,운문,雲門,수태음폐경,"앞가슴부위, 빗장아래오목(infra- clavicular fossa), 어깨뼈 부리돌기(coracoid process) 안쪽, 앞정중선(anterior median line)에서 가쪽으로 6寸 오목한 곳.
※주 : 氣戶(ST13), 兪府(KI27), 璇璣(CV21), 雲門(LU2)은 빗장뼈아래선을 따라 가로선 위에 위치한다.","On the anterior thoracic region, in the depression of the infraclavicular fossa, medial to the coracoids process of the scapula, 6 B-cun lateral to the anterior median line.
Note 1: ST13, KI27, CV21 and LU2 are located on the transverse line along the inferior border of the clavicle.",저항을 준 상태에서 팔을 약간 굽히고 벌릴 때 나타나는 어깨세모-가슴 삼각부위(deltopectoral triangle)의 중심에 취혈한다.,"- 直刺 0.3～0.5寸 (不宜深刺, 刺太深時 氣逆)

- 斜刺 0.5～1寸",acupoint
LU3,LU,천부,天府,수태음폐경,"위팔 앞가쪽면, 위팔두갈래근(biceps brachiimuscle)의 가쪽모서리 바로 가쪽, 앞겨드랑주름(anterior axillary fold)에서 아래쪽으로 3寸.","On the anterolateral aspect of the arm, just lateral to the border of the biceps brachii muscle, 3 B-cun inferior to the anterior axillary fold.","앞겨드랑주름과 尺澤(LU5)을 연결하는 선에서 위쪽으로부터 1/3, 아래쪽으로부터 2/3가 되는 지점에서 취혈한다.","- 直刺 0.3～0.5寸

- 斜刺 1～1.5寸",acupoint
LU4,LU,협백,俠白,수태음폐경,"위팔 앞가쪽면, 위팔두갈래근(biceps brachii muscle)의 가쪽모서리 바로가쪽, 앞겨드랑주름(anterior axillary
fold)에서 아래쪽으로 4寸.","On the anterolateral aspect of the arm, just lateral to the border of the biceps brachii muscle, 4 B-cun inferior to the anterior axillary fold.",앞겨드랑주름과 尺澤(LU5)을 연결하는 선에서 위쪽으로부터 1/3과 아래쪽으로부터 2/3가 되는 지점에서 먼쪽으로 1寸에서 취혈한다.,"- 直刺 0.3～0.5寸

- 斜刺 1～1.5寸",acupoint
LU5,LU,척택,尺澤,수태음폐경,"팔꿈치 앞쪽면, 팔오금주름(cubital crease) 위, 위팔두갈래근힘줄(biceps brachii tendon)의 가쪽 오목한 곳.","On the anterior aspect of the elbow, at the cubital crease, in the depression lateral to the biceps brachii tendon.",팔꿈치를 굽힌 상태에서 팔오금주름 위의 曲池(LI11)와 曲澤(PC3) 사이에 위치한다. 위팔두갈래근힘줄에 의해 尺澤(LU5)과 曲澤(PC3)이 나뉜다.,"- 直刺 0.3～0.5寸

- 斜刺 0.5～1寸

- 淺靜脈을 點刺出血",acupoint
LU6,LU,공최,孔最,수태음폐경,"아래팔 앞가쪽면, 尺澤(LU5)과 太淵(LU9)을 연결하는 선 위, 손바닥쪽손목주름(palmar wrist crease)에서 위쪽으로 7寸.","On the anterolateral aspect of the forearm, on the line connecting LU5 with LU9, 7 B-cun superior to the palmar wrist crease.","팔을 펴고 손바닥을 위로 향하게 한 자세에서, 尺澤(LU5)과 太淵(LU9)을 연결하는 선의 중점에서 위쪽으로 1寸에서 취혈한다.","- 直刺 0.5～1寸 (留3呼)

- 斜刺 1～1.5寸",acupoint
LU7,LU,열결,缺,수태음폐경,"아래팔의 노쪽면, 긴엄지벌림근힘줄(abductor pollicis longus tendon)과 짧은엄지폄근힘줄(extensor pollicis brevis tendon)의 사이, 긴엄지벌림근힘줄 고랑(groove for the abductor pollicis longus tendon) 위, 손바닥쪽 손목주름(the palmar wrist crease)에서 위쪽으로 1.5寸.","On the radial aspect of the forearm, between the tendons of the abductor pollicis longus and the extensor pollicis brevis muscles, in the groove for the abductor pollicis longus tendon, 1.5 B-cun superior to the palmar wrist crease.",,"- 直刺 0.2～0.3寸

- 斜刺 0.5～1寸 (肘關節 방향으로 刺入)

- 협착성건초염 치료시에는 鍼尖을 外方으로 0.5～1寸 刺入",acupoint
LU8,LU,경거,經渠,수태음폐경,"아래팔 앞가쪽면, 노뼈붓돌기(radial styloid process)와 노동맥(radial artery)사이, 손바닥쪽 손목주름(palmar wrist crease)에서 위쪽으로 1寸.
※주 : 太淵(LU9)에서 위쪽으로 1寸에 위치한다.","On the anterolateral aspect of the forearm, between the radial styloid process and the radial artery, 1 B-cun superior to the palmar wrist crease.
Note: 1 B-cun superior to LU9.",,"- 直刺 0.2～0.3寸

- 斜刺 0.5～0.7寸

- 刺鍼時 노동맥(radial artery)을 피하여 刺入",acupoint
LU9,LU,태연,太淵,수태음폐경,"손목 앞가쪽면, 노뼈붓돌기(radial styloid process)와 손배뼈(scaphoid bone) 사이, 긴엄지벌림근힘줄(abductor pollicis longus tendon)의 자쪽 오목한 곳.","On the anterolateral aspect of the wrist, between the radial styloid process and the scaphoid bone, in the depression ulnar to the abductor pollicis longus tendon.","손바닥쪽 손목주름(palmar wrist crease)의 노쪽, 노동맥(radial artery)이 뛰는 곳에서 취혈한다.","- 直刺 0.2～0.3寸 (손바닥쪽에서 손등쪽을 향해 刺入)

- 斜刺 0.3～0.5寸",acupoint
LU10,LU,어제,魚際,수태음폐경,"손바닥, 첫째 손허리뼈(the 1st metacarpal bone) 중점의 노쪽, 赤白肉際.","On the palm, radial to the midpoint of the first metacarpal bone, at the border between the red and white flesh.","손바닥을 위로 하고, 손바닥 大魚際部位의 노쪽모서리(橈側緣) 중간지점에서 취혈한다.","- 直刺 0.3～0.5寸

- 斜刺 0.5～1寸 (鍼尖을 약간 斜向하여 掌內로 刺入)",acupoint
LU11,LU,소상,少商,수태음폐경,"엄지손가락, 끝마디뼈(distal phalanx)의 노쪽, 엄지손톱 노쪽 뿌리각(radial corner of the thumb nail)에서 몸가쪽으로 0.1寸.","On the thumb, radial to the distal Phalanx, 0.1 F-cun proximal-lateral to the radial corner of the thumb nail, at the intersection of the vertical line of the radial border and the horizontal line of the base of the thumb nail.",엄지손톱의 노쪽모서리를 지나는 수직선과 손톱뿌리를 지나는 수평선이 만나는 지점에서 취혈한다.,"- 直刺 0.1～0.2寸

- 斜刺 0.1～0.3寸 (鍼尖을 上方으로 향해 刺入)

- 三稜鍼으로 速刺해서 出血시키기도 한다.",acupoint
LI1,LI,상양,商陽,수양명대장경,"집게손가락, 끝마디뼈(distal phalanx)의 노쪽, 집게손톱 노쪽 뿌리각(radial corner of the index fingernail)에서 몸가쪽으로 0.1寸.","On the index finger, radial to the distal phalanx, 0.1 F-cun proximal-lateral to the radial corner of the index fingernail, at the intersection of the vertical line of the radial border of the fingernail and the horizontal line of the base of the index fingernail.",집게손톱의 노쪽모서리를 지나는 수직선과 손톱뿌리를 지나는 수평선이 만나는 지점에서 취혈한다.,"- 直刺 0.1～0.2寸

- 斜刺 0.1～0.3寸

- 三稜鍼으로 點刺出血",acupoint
LI2,LI,이간,二間,수양명대장경,"집게손가락, 둘째 손허리손가락관절(the 2nd metacarpophalangeal joint) 노쪽면의 먼 쪽(distal) 오목한 곳, 赤白肉際.","On the index finger, in the depression distal to the radial side of the 2nd metacarpophalangeal joint, at the border between the red and white flesh.","주먹을 가볍게 쥐고, 둘째 손허리손가락관절 노쪽의 먼 쪽 오목한 곳에 취혈한다.","- 直刺 0.2～0.3寸 (鍼尖을 노쪽에서 자쪽을 향해 刺入)

- 斜刺 0.2～0.3寸",acupoint
LI3,LI,삼간,三間,수양명대장경,"손등, 둘째 손허리손가락관절(the 2nd metacarpophalangeal joint) 노쪽, 몸 쪽(proximal) 오목한 곳.","On the dorsum of the hand, in the depression radial and proximal to the 2nd metacarpophalangeal joint.","주먹을 가볍게 쥐고, 둘째 손허리손가락관절 노쪽의 몸 쪽 오목한 곳에서 취혈한다.","- 0.2～0.3寸 (鍼尖을 橈側에서 尺側을 향해 刺入)

- 斜刺 0.3～0.7寸",acupoint
LI4,LI,합곡,合谷,수양명대장경,"손등, 둘째 손허리뼈(the 2nd metacarpal bone) 중점의 노쪽.","On the dorsum of the hand, radial to the midpoint of the 2nd metacarpal bone.",,"- 直刺 0.5～1寸

- 斜刺 1～1.5寸

- 頭部 및 顔面部의 질환에는 中手骨의 骨膜을 따라 1～1.5寸 斜刺

- 手指의 拘攣이나 근육의 마비에는 勞宮 혹은 後谿를 향해 2～3寸 透刺

- 임신부는 신중히 사용 (습관성유산 경험이 있는 임신부는 禁鍼)",acupoint
LI5,LI,양계,陽谿,수양명대장경,"손목 뒤가쪽면, 손등 쪽 손목주름(dorsal wrist crease)의 노쪽, 노뼈붓돌기(radial styloid process)에서 먼 쪽(distal), 해부학적 코담배갑(anatomical snuffbox)의 오목한 곳.","On the posterolateral aspect of the wrist, at the radial side of the dorsal wrist crease, distal to the radial styloid process, in the depression of the anatomical snuffbox.",엄지손가락을 최대한 외전하고 신전했을 때 긴엄지폄근힘줄(extensor pollicis longus tendon)과 짧은엄지폄근힘줄(extensor pollicis brevis tendon) 사이에 해부학적 코담배갑(anatomical snuffbox)의 오목한 곳이 형성된다.,"- 直刺 0.3～0.5寸 (鍼尖을 손등의 노쪽에서 자쪽을 향해 刺入)

- 斜刺 0.3～0.7寸",acupoint
LI6,LI,편력,偏歷,수양명대장경,"아래 팔 뒤가쪽면, 陽谿(LI5)와 曲池(LI11)를 연결하는 선 위, 손등 쪽 손목주름(the dorsal wrist crease)에서 위쪽으로 3寸.","On the posterolateral aspect of the forearm, on the line connecting LI5 with LI11, 3 B-cun superior to the dorsal wrist crease.","陽谿(LI5)와 曲池(LI11)를 연결하는 선에서 위쪽으로부터 3/4, 아래쪽으로부터 1/4이 되는 지점에서 취혈한다.","- 直刺 0.3～0.5寸

- 斜刺 0.5～1寸",acupoint
LI7,LI,온류,溫溜,수양명대장경,"아래팔 뒤가쪽면, 陽谿(LI5)와 曲池(LI11)를 연결하는 선 위, 손등 쪽 손목주름(dorsal wrist crease)에서 위쪽으로 5寸.","On the posterolateral aspect of the forearm, on the line connecting LI5 with LI11, 5 B-cun superior to the dorsal wrist crease.",,"- 直刺 0.5～1寸

- 斜刺 1～1.5寸",acupoint
LI8,LI,하렴,下廉,수양명대장경,"아래팔 뒤가쪽면, 陽谿(LI5)와 曲池(LI11)를 연결하는 선 위, 팔오금주름(cubital crease)에서 아래쪽으로 4寸.","On the posterolateral aspect of the forearm, on the line connecting LI5 with LI11, 4 B-cun inferior to the cubital crease.","陽谿(LI5)와 曲池(LI11)를 연결하는 선 위, 위쪽으로부터 1/3과 아래쪽으로부터 2/3가 되는 지점, 上廉(LI9)에서 아래쪽으로 1寸 지점에서 취혈한다.","- 直刺 0.5～0.8寸

- 斜刺 1～2寸",acupoint
LI9,LI,상렴,上廉,수양명대장경,"아래팔 뒤가쪽면, 陽谿(LI5)와 曲池(LI11)를 연결하는 선 위, 팔오금주름(cubital crease)에서 아래쪽으로 3寸.","On the posterolateral aspect of the forearm, on the line connecting LI5 with LI11, 3 B-cun inferior to the cubital crease.",,"- 直刺 0.5～1寸

- 斜刺 1～2寸",acupoint
LI10,LI,수삼리,手三里,수양명대장경,"아래팔 뒤가쪽면, 陽谿(LI5)와 曲池(LI11)를 연결하는 선 위, 팔오금주름(cubital crease)에서 아래쪽으로 2寸.","On the posterolateral aspect of the forearm, on the line connecting LI5 with LI11, 2 B-cun inferior to the cubital crease.",,"- 直刺 0.5～1.2寸

- 斜刺 1～2寸",acupoint
LI11,LI,곡지,曲池,수양명대장경,"팔꿈치 가쪽면, 尺澤(LU5)과 위팔뼈가쪽위관절융기(lateral epicondyle ofthe humerus)를 연결하는 선의 중점.","On the lateral aspect of the elbow, at the midpoint of the line connecting LU5 with the lateral epicondyle of the humerus.","팔꿈치를 완전히 굽혔을 때, 팔오금주름 가쪽 끝의 오목한 곳에서 취혈한다.","- 直刺 0.5～1.5寸

- 斜刺 1～1.5寸 (鍼尖을 약간 비스듬히 指端을 향하여 刺入)

- 上肢癱瘓 치료시에는 팔꿈치를 굽혀 약간 비스듬히 팔꿉관절의 안쪽을 향해 刺入

- 透刺時에는 少海(HT3)를 향해 2～2.5寸 刺入",acupoint
LI12,LI,주료,肘髎,수양명대장경,"팔꿈치 뒤가쪽면, 위팔뼈 가쪽위관절융기(lateral epicondyle of the humerus) 위쪽, 가쪽위관절융기 위 능선(lateral supraepicondylar ridge) 앞쪽.","On the posterolateral aspect of the elbow, superior to the lateral epicondyle of the humerus, anterior to the lateral supraepicondylar ridge.",,"- 直刺 0.3～0.7寸

- 斜刺 1～1.5寸",acupoint
LI13,LI,수오리,手五里,수양명대장경,"위팔 가쪽면, 曲池(LI11)와 肩髃(LI15)를 연결하는 선 위, 팔오금주름(cubital crease)에서 위쪽으로 3寸.","On the lateral aspect of the arm, on the line connecting LI11 with LI15, 3 B-cun superior to the cubital crease.","위팔두갈래근(biceps brachii muscle) 노쪽모서리와 위팔뼈(humerus)의 사이, 앞겨드랑주름(anterior axillary fold)끝과 曲池(LI11)를 연결하는 선에서 위쪽으로부터 2/3와 아래쪽으로부터 1/3이 되는 지점과 같은 높이에서 취혈한다.","- 直刺 0.3～0.5寸 (혈관을 피하여 鍼尖을 臂外面에서 內側面을 향해 刺入)

- 斜刺 0.5～0.8寸",acupoint
LI14,LI,비노,臂臑,수양명대장경,"위팔 가쪽면, 어깨세모근(deltoid muscle)의 앞모서리 바로 앞쪽, 曲池(LI11)에서 위쪽으로 7寸.","On the lateral aspect of the arm, just anterior to the border of the deltoid muscle, 7 B-cun superior to LI11.",,"- 直刺 0.3～0.7寸

- 斜刺 1～1.5寸

- 眼疾患 치료시 上向으로 三角筋中에 1～1.5寸 斜刺

- 橫刺時 上腕骨前緣에서 後緣을 향해 1～1.5寸 透刺.

- 肩臂痛 치료시 鍼尖을 上方으로 肩髃(LI15)를 향해 1～1.5寸 橫刺로 透刺.",acupoint
LI15,LI,견우,肩髃,수양명대장경,"팔이음뼈(shoulder girdle), 어깨뼈봉우리(acromion) 가쪽모서리의 앞쪽 끝과 위팔뼈 큰결절(greater tubercle of the humerus) 사이의 오목한 곳.","On the shoulder girdle, in the depression between the anterior end of lateral border of the acromion and the greater tubercle of the humerus.","위팔을 외전할 때, 어깨뼈봉우리의 앞뒤로 두 개의 오목한 곳이 나타난다. 어깨뼈봉우리 앞쪽의 보다 더 오목한 곳에서 취혈한다. 肩髎(TE14)는 뒤쪽 오목한 곳에 위치한다.","- 直刺 0.5～1.2寸

- 斜刺 0.7～1.5寸",acupoint
LI16,LI,거골,巨骨,수양명대장경,"팔이음뼈(shoulder girdle), 빗장뼈 봉우리끝(acromial end of the clavicle)과 어깨뼈가시(spine of the scapula)사이의 오목한 곳.","On the shoulder girdle, in the depression between the acromial end of the clavicle and the spine of the scapula.",어깨뼈위오목(suprascapular fossa) 가쪽에 있는 두 뼈들 사이의 오목한 곳에서 취혈한다.,"- 直刺 0.3～0.7寸

- 斜刺 0.5～1寸 (鍼尖을 약간 外下方으로 향해 刺入)",acupoint
LI17,LI,천정,天鼎,수양명대장경,"목 앞부위, 반지연골(cricoid cartilage)과 같은 높이, 목빗근(sternocleidomastoid muscle)의 뒤모서리 바로 뒤쪽.","On the anterior aspect of the neck, at the same level as the cricoid cartilage, just posterior to the border of the sternocleidomastoid muscle.","扶突(LI18)에서 수직으로 아래, 水突(ST10)과 수평한 지점에서 취혈한다.","- 直刺 0.3～0.5寸

- 斜刺 0.5～1寸",acupoint
LI18,LI,부돌,扶突,수양명대장경,"목 앞부위, 방패연골(thyriod cartilage) 위모서리와 같은 높이, 목빗근(sternocleidomastoid muscle)의 앞모서리와 뒤모서리의 사이.","On the anterior aspect of the neck, at the same level as the superior border of the thyroid cartilage, between the anterior and posterior borders of the sternocleidomastoid muscle.","人迎(ST9)과 같은 높이로, 남성의 경우 후두융기와도 같은 높이에서 취혈한다.","- 直刺 0.3～0.5寸

- 斜刺 0.5～1寸",acupoint
LI19,LI,화료,禾髎,수양명대장경,"얼굴, 인중 부위(philtrum)의 중점과 같은 높이, 콧구멍 가쪽모서리 아래 쪽.","On the face, at the same level as the midpoint of the philtrum, inferior to the lateral margin of the nostril.
Note: 0.5 B-cun laterals to GV26.
Remarks: Alternative location for LI19 – On the face, at the same level as the junction of the upper one third and lower two thirds of the philtrum, inferior to the lateral margin of the nostril.",콧구멍가쪽모서리의 수직선과 인중 도랑의 중점에 해당하는 점의 수평선의 교점에서 취혈한다.,"- 直刺 0.2～0.3寸

- 斜刺 0.3～0.5寸",acupoint
LI20,LI,영향,迎香,수양명대장경,"얼굴, 코입술고랑(nasolabial sulcus) 위, 콧방울(ala of the nose) 가쪽모서리의 중점과 같은 높이.","On the face, in the nasolabial sulcus, at the same level as the midpoint of the lateral border of the ala of the nose.
Remarks: Alternative location for LI20 – On the face, in the nasolabial sulcus, at the level of the inferior border of the ala of the nose.",,"- 直刺 0.2～0.3寸

- 斜刺 0.5～1寸 (向上)",acupoint
ST1,ST,승읍,承泣,족양명위경,"얼굴, 동공(pupil)에서 수직으로 아래 쪽, 안구(eyeball)와 눈확아래모서리(infraorbital margin)의 사이.","On the face, between the eyeball and the infraorbital margin, directly inferior to the pupil.",,"- 直刺 0.2～0.3寸

- 深刺할 때는 환자를 仰臥位에서 안구를 고정하게 한 후 눈확아래모서리를 沿해 완만하게 1～1.5寸 刺入하며 捻轉과 搗鍼하지 않도록 한다.

- 橫刺時(近視 치료)에는 內眼角을 향해 透刺한다.",acupoint
ST2,ST,사백,四白,족양명위경,"얼굴, 눈확아래구멍(infraorbital foramen).","On the face, in the infraorbital foramen.",눈확아래구멍은 동공(pupil)에서 수직으로 아래쪽에서 촉지된다.,"- 直刺 0.2～0.3寸

- 斜刺 0.3～0.5寸",acupoint
ST3,ST,거료,巨髎,족양명위경,"얼굴, 동공(pupil)에서 수직으로 아래 쪽, 콧방울(ala of the nose) 아래모서리와 같은 높이.","On the face, directly inferior to the pupil, at the same level as the inferior border of the ala of the nose.","고개를 들고 앞을 바로 볼 때, 동공을 지나는 수직선과 콧방울 아래모서리를 지나는 수평선이 만나는 지점에서 취혈한다. 수직으로 위쪽에 四白(ST2)이 위치한다.","- 直刺 0.3～0.5寸

- 斜刺 0.5～1寸",acupoint
ST4,ST,지창,地倉,족양명위경,"얼굴, 입꼬리에서 가쪽으로 0.4寸.","On the face, 0.4 F-cun lateral to the angle of the mouth.","입꼬리 옆쪽, 코입술고랑(nasolabialsulcus) 위 혹은 코입술고랑의 연장선상에서 취혈한다.","- 直刺 0.3～0.5寸

- 橫刺 1～1.5寸

- 顔面神經麻痺 치료시 頰車(ST6)로 透刺 1.5～2.5寸

- 三叉神經痛 치료시 迎香(LI20)으로 透刺 1～2寸",acupoint
ST5,ST,대영,大迎,족양명위경,"얼굴, 턱뼈각(angle of the mandible)앞쪽, 깨물근(masseter muscle) 부착 부분 앞쪽 오목한 곳, 얼굴동맥(facial artery)이 뛰는 곳.","On the face, anterior to the angle of the mandible, in the depression anterior to the masseter attachment, over the facial artery.","입을 다물고, 입안에 공기를 채울 때, 아래턱뼈뿔 아래앞쪽에 나타나는 도랑처럼 패인 오목한 곳에서 취혈한다.","- 直刺 0.2～0.3寸

- 斜刺 0.5～1寸",acupoint
ST6,ST,협거,頰,족양명위경,"얼굴, 턱뼈각(angle of the mandible)에서 위앞쪽으로 1寸.","On the face, one fingerbreadth (middle finger) anterosuperior to the angle of the mandible.","턱뼈각의 이등분선 위, 입과 치아를 굳게 다물면 깨물근(masseter muscle)이 융기되고, 굳게 다물었던 치아를 놓으면 오목하게 느껴지는 곳에서 취혈한다.","- 直刺 0.3～0.5寸

- 斜刺 0.5～1寸 (깨물근경련 치료시 위쪽을 향해 刺入, 上‧下齒痛에는 上齒 및 下齒를 향해 刺入)",acupoint
ST7,ST,하관,下關,족양명위경,"얼굴, 광대활(zygomatic arch) 아래모서리의 중점과 턱뼈패임(mandibularnotch) 사이의 오목한 곳.","On the face, in the depression between the midpoint of the inferior border of the zygomatic arch and the mandibular notch.","입을 다물고, 上關(GB3)에서 수직으로 아래쪽, 광대활 아래쪽의 오목한 곳에서 취혈한다.","- 艾炷灸 3～5壯

- 艾條灸 5～10分",acupoint
ST8,ST,두유,頭維,족양명위경,"머리, 이마각(corner of the forehead) 前髮際(anterior hairline)에서 수직으로 위쪽으로 0.5寸, 앞정중선(anterior median line)에서 가쪽으로 4.5寸.","On the head, 0.5 B-cun directly superior to the anterior hairline at the corner of the forehead, 4.5 B-cun lateral to the anterior median line.",,"- 直刺 0.2～0.3寸

- 斜刺 0.3～0.5寸",acupoint
ST9,ST,인영,人迎,족양명위경,"목 앞부위, 방패연골(thyroid catilage) 위모서리와 같은 높이, 목빗근(sternocleidomastoid muscle) 앞쪽, 온목동맥(common carotid artery)이 뛰는 곳.","In the anterior region of the neck, at the same level as the superior border of the thyroid cartilage, anterior to the sternocleidomastoid muscle, over the common carotid artery.",저항을 받으며 머리를 반대편으로 돌리면 목빗근이 현저하게 드러난다.,"- 直刺 0.2～0.3寸 (不宜過深刺 혹 禁刺)

- 斜刺 0.3～0.7寸",acupoint
ST10,ST,수돌,水突,족양명위경,"목 앞부위, 반지연골(cricoid cartilage)과 같은 높이, 목빗근(sternocleidomastoid muscle) 앞모서리 바로 앞쪽.","In the anterior region of the neck, at the same level as the cricoid cartilage, just anterior to the border of the sternocleidomastoid muscle.",,"- 斜刺 0.5～0.7寸

- 直刺 0.3～0.4寸 (外方에서 內側을 향하여 刺入)

- 자침시 온목동맥을 피해야 한다.",acupoint
ST11,ST,기사,氣舍,족양명위경,"목 앞부위, 작은빗장위오목(lesser supraclavicular fossa), 빗장뼈 복장끝(sternal end of the clavicle)의 위쪽, 목빗근(sternocleidomastoid muscle)의 빗장뼈갈래(clavicular head)와 복장뼈갈래(sternal head)의 사이 오목한 곳.","In the anterior region of the neck, in the lesser supraclavicular fossa, superior to the sternal end of the clavicle, in the depression between the sternal and clavicular heads of the sternocleidomastoid muscle.",저항을 받으며 머리를 반대편으로 돌리면 목빗근이 현저하게 드러난다.,"- 直刺 0.3～0.5寸

- 斜刺 0.3～0.5寸",acupoint
ST12,ST,결분,缺盆,족양명위경,"목 앞부위, 큰빗장위오목(greater supraclavicular fossa), 앞정중선(anteriormedian line)에서 가쪽으로 4寸, 빗장 뼈(clavicle) 위쪽 오목한 곳.","In the anterior region of the neck, in the greater supraclavicular fossa, 4 B-cun lateral to the anterior median line, in the depression superior to the clavicle.",,"- 直刺 0.3～0.5寸

- 宜橫刺(直下에는 肺尖部가 있고, 바깥목동맥, 빗장밑동․정맥이 있어 刺鍼으로 손상받는 것을 방지하기 위하여 橫刺한다.)

- 不宜深刺(『鍼灸甲乙經』:“刺太深令人逆息”) 또는 不可向下直刺",acupoint
ST13,ST,기호,氣戶,족양명위경,"앞가슴부위, 빗장뼈(clavicle) 아래쪽, 앞정중선(anterior median line)에서 가쪽으로 4寸.","In the anterior thoracic region, inferior to the clavicle, 4 B-cun lateral to the anterior median line.",,"- 直刺 0.2～0.3寸

- 斜刺 0.3～0.5寸

- 不宜深刺 (첫째～여섯째 갈비뼈사이의 胸部 內部에는 肺가 있으므로 深刺를 禁한다.)",acupoint
ST14,ST,고방,庫房,족양명위경,"앞가슴부위, 첫째 갈비사이공간(the 1st intercostal space), 앞정중선(anterior median line)에서 가쪽으로 4寸.","In the anterior thoracic region, in the first intercostal space, 4 B-cun lateral to the anterior median line.",,"- 直刺 0.2～0.3寸

- 斜刺 0.3～0.5寸

- 不宜深刺",acupoint
ST15,ST,옥예,屋翳,족양명위경,"앞가슴부위, 둘째 갈비사이공간(the 2nd intercostal space), 앞정중선(anterior median line)에서 가쪽으로 4寸.","In the anterior thoracic region, in the second intercostal space, 4 B-cun lateral to the anterior median line.","먼저 복장뼈각(sternal angle)과 같은 높이에서 둘째 갈비뼈(the 2nd rib)를 찾으면, 그 아래가 둘째 갈비사이공간이 된다. 남성의 경우는 젖꼭지(nipple)에서 위쪽으로 갈비뼈 2개만큼 올라와도 된다. 본래 갈비뼈가 활모양으로 휘었기 때문에, 屋翳(ST15)는 神藏(KI25)보다 약간 위쪽에 위치한다.","- 直刺 0.2～0.3寸 (不宜深刺)

- 斜刺 0.3～0.5寸",acupoint
ST16,ST,응창,膺窓,족양명위경,"앞가슴부위, 셋째 갈비사이공간(the 3rd intercostal space), 앞정중선(anterior median line)에서 가쪽으로 4寸.","In the anterior thoracic region, in the third intercostal space, 4 B-cun lateral to the anterior median line.",靈墟(KI24)의 가쪽으로 2寸 부위에서 취혈한다.,"- 直刺 0.2～0.3寸 (不可深刺)

- 斜刺 0.3～0.5寸",acupoint
ST17,ST,유중,乳中,족양명위경,"앞가슴부위, 젖꼭지(nipple)의 중심.","In the anterior thoracic region, at the centre of the nipple.","남성의 경우, 넷째 갈비사이공간(the 4th intercostal space)에 젖꼭지의 중심이 위치한다.",- 禁鍼 (『鍼灸甲乙經』),acupoint
ST18,ST,유근,乳根,족양명위경,"앞가슴부위, 다섯째 갈비사이공간(the 5th intercostal space), 앞정중선(anterior median line)에서 가쪽으로 4寸.","In the anterior thoracic region, in the fifth intercostal space, 4 B-cun lateral to the anterior median line.","남성의 경우, 젖꼭지를 지나는 수직선과 다섯째 갈비사이공간이 만나는 지점에서 취혈한다. 여성의 경우, 젖아래주름(inferior crease of the breast)의 중점에서취혈한다.","- 直刺 0.2～0.3寸

- 斜刺 0.3～0.5寸

- 橫刺 0.5～1寸",acupoint
ST19,ST,불용,容,족양명위경,"윗배, 배꼽(umbilicus) 중심에서 위쪽으로 6寸, 앞정중선(anterior median line)에서 가쪽으로 2寸.","On the upper abdomen, 6 B-cun superior to the centre of the umbilicus, 2 B-cun lateral to the anterior median line.","巨闕(CV14)에서 가쪽으로 2寸, 갈비뼈각(costal angle) 아래에서 취혈한다. 명치각(infrasternal angle)이 너무 날카롭거나 갈비뼈가 不容(ST19) 아래쪽에 있는 경우에는 斜刺하여 不容(ST19)에 이르도록 한다.","- 直刺 0.5～0.8寸

- 斜刺 0.5～1寸",acupoint
ST20,ST,승만,承滿,족양명위경,"윗배, 배꼽(umbilicus) 중심에서 위쪽으로 5寸, 앞정중선(anterior median line)에서 가쪽으로 2寸.","On the upper abdomen, 5 B-cun superior to the centre of the umbilicus, 2 B-cun lateral to the anterior median line.
Note: ST20 is 5 B-cun superior to ST25, 1 B-cun inferior to St19, 2 B-cun lateral to CV13.",,"- 直刺 0.5～1寸

- 斜刺 0.5～1.5寸",acupoint
ST21,ST,양문,門,족양명위경,"윗배, 배꼽(umbilicus) 중심에서 위쪽으로 4寸, 앞정중선(anterior median line)에서 가쪽으로 2寸.","On the upper abdomen, 4 B-cun superior to the centre of the umbilicus, 2 B-cun lateral to the anterior median line.
Note: ST21 is 4 B-cun superior to ST25, 1 B-cun inferior to St20, 2 B-cun lateral to CV12.",,"- 直刺 0.5～1寸

- 斜刺 0.8～1.5寸",acupoint
ST22,ST,관문,關門,족양명위경,"윗배, 배꼽(umbilicus) 중심에서 위쪽으로 3寸, 앞정중선(anterior median line)에서 가쪽으로 2寸.","On the upper abdomen, 3 B-cun superior to the centre of the umbilicus, 2 B-cun lateral to the anterior median line.
Note: ST22 is located at the same level and lateral to KI18 and CV11.",,"- 直刺 0.5～1寸

- 斜刺 0.8～1.5寸",acupoint
ST23,ST,태을,太乙,족양명위경,"윗배, 배꼽(umbilicus) 중심에서 위쪽으로 2寸, 앞정중선(anterior median line)에서 가쪽으로 2寸.","On the upper abdomen, 2 B-cun superior to the centre of the umbilicus, 2 B-cun lateral to the anterior median line.
Note: ST23 is located at the same level and lateral to KI17 and CV10.",,"- 直刺 0.5～1寸

- 斜刺 0.8～1.5寸",acupoint
ST24,ST,활육문,滑肉門,족양명위경,"윗배, 배꼽(umbilicus) 중심에서 위쪽으로 1寸, 앞정중선(anterior median line)에서 가쪽으로 2寸.","On the upper abdomen, 1 B-cun superior to the centre of the umbilicus, 2 B-cun lateral to the anterior median line.
Note: ST24 is at the same level and lateral to CV9.",,"- 直刺 0.5～1寸

- 斜刺 0.8～1.5寸",acupoint
ST25,ST,천추,天樞,족양명위경,"윗배, 배꼽(umbilicus)의 중심에서 가쪽으로 2寸.","On the upper abdomen, 2 B-cun lateral to the centre of the umbilicus.",,"- 直刺 0.5～1寸

- 斜刺 0.8～1.5寸

- 孕婦는 禁鍼",acupoint
ST26,ST,외릉,外陵,족양명위경,"아랫배, 배꼽(umbilicus) 중심에서 아래쪽으로 1寸, 앞정중선(anterior median line)에서 가쪽으로 2寸.","On the lower abdomen, 1 B-cun inferior to the centre of the umbilicus, 2 B-cun lateral to the anterior median line.
Note: ST26 is at the same level and lateral to KI15 and CV7.",,"- 直刺 0.5～1寸

- 斜刺 0.8～1.5寸",acupoint
ST27,ST,대거,大巨,족양명위경,"아랫배, 배꼽(umbilicus) 중심에서 아래쪽으로 2寸, 앞정중선(anterior median line)에서 가쪽으로 2寸.","On the lower abdomen, 2 B-cun inferior to the centre of the umbilicus, 2 B-cun lateral to the anterior median line.
Note: ST27 is at the same level and lateral to KI14 and CV5.",,"- 直刺 0.5～1寸

- 斜刺 0.8～1.5寸

- 오른쪽 穴에는 盲腸이 있어 주로 왼쪽 穴을 사용한다.",acupoint
ST28,ST,수도,水道,족양명위경,"아랫배, 배꼽(umbilicus) 중심에서 아래 쪽으로 3寸, 앞정중선(anterior median line)에서 가쪽으로 2寸.","On the lower abdomen, 3 B-cun inferior to the centre of the umbilicus, 2 B-cun lateral to the anterior median line.
Note: ST28 is 3 B-cun inferior to ST25, 1 B-cun inferior to St27, 2 B-cun lateral to CV4.",,"- 直刺 0.5～1寸

- 斜刺 0.8～1.5寸",acupoint
ST29,ST,귀래,歸來,족양명위경,"아랫배, 배꼽(umbilicus) 중심에서 아래쪽으로 4寸, 앞정중선(anterior median line)에서 가쪽으로 2寸.","On the lower abdomen, 4 B-cun inferior to the centre of the umbilicus, 2 B-cun lateral to the anterior median line.
Note: ST29 is 4 B-cun inferior to ST25, 1 B-cun inferior to ST28, 2 B-cun lateral to CV3.",,"- 直刺 0.5～1寸

- 斜刺 0.9～1.5寸

- 橫刺時는 鍼尖을 恥骨結合을 향해 1.5～2寸 刺入",acupoint
ST30,ST,기충,氣衝,족양명위경,"샅부위(groin region), 두덩결합(pubic symphysis) 위모서리와 같은 높이,앞정중선(anterior median line)에서 가쪽으로 2寸, 넙다리동맥(femoral artery)이 뛰는 곳.","In the groin region, at the same level as the superior border of the pubic symphysis, 2 B-cun lateral to the anterior median line, over the femoral artery.
Note: ST30 is 5 B-cun inferior to ST25, 2 B-cun lateral to CV2.",,"- 直刺 0.3～0.5寸

- 斜刺 0.5～1寸 (鍼尖을 外陰部로 향해 刺入한다. 자침시 동맥을 피하여 출혈되지 않도록 한다.)",acupoint
ST31,ST,비관,髀關,족양명위경,"넓적다리 앞쪽면, 넙다리곧은근(rectus femoris muscle) 몸쪽끝, 넙다리빗근(sartorius muscle), 넙다리근막긴장근(tensor fasciae latae muscle)의 세 근육 사이의 오목한 곳.","On the anterior aspect of the thigh, in the depression among three muscles: the proximal portion of the rectus femoris muscle, the sartorius muscle and the tensor fasciae latae muscle.","엉덩이와 무릎을 약간 굽히고, 넓적다리의 앞안쪽에 저항을 주며 다리를 살짝 외전시키면 세모꼴의 오목한 부위가 나타난다. 넙다리곧은근의 몸쪽끝은 안쪽의 넙다리빗근과 가쪽의 넙다리근막긴장근 사이의 오목한 곳에서 나타난다. 髀關(ST31)은 이 세모의 꼭짓점아래 가장 오목한 곳에 위치한다. 무릎뼈바닥 가쪽끝(lateral end of the base of the patella)과 위앞엉덩뼈가시(anterior superior iliac spine)의 연결선에서 두덩결합의 아래모서리(inferior border of the pubic symphysis)와 같은 높이에서 취혈한다.","- 直刺 0.8～1.5寸

- 斜刺 1.5寸～2寸",acupoint
ST32,ST,복토,伏兎,족양명위경,"넓적다리 앞가쪽면, 위앞엉덩뼈가시(anterior superior iliac spine)와 무릎뼈바닥 가쪽끝(the lateral end of the base of the patella)을 연결하는 선 위, 무릎뼈바닥에서 위쪽으로 6寸.","On the anterolateral aspect of the thigh, on the line connecting the lateral end of the base of the patella with the anterior superior iliac spine, 6 B-cun superior to the base of the patella.",,"- 直刺 0.5～1寸

- 斜刺 1.5寸～2寸",acupoint
ST33,ST,음시,陰市,족양명위경,"넓적다리 앞가쪽면, 넙다리곧은근힘줄(rectus femoris tendon) 가쪽, 무릎뼈바닥(base of the patella)에서 위쪽으로 3寸.","On the anterolateral aspect of the thigh, lateral to the rectus femoris tendon, 3 B-cun superior to the base of the patella.",伏兎(ST32)와 무릎뼈바닥 가쪽끝을 연결하는 선의 중점에서 취혈한다.,"- 直刺 0.5～0.7寸

- 斜刺 0.7～1寸",acupoint
ST34,ST,양구,丘,족양명위경,"넓적다리 앞가쪽면, 가쪽넓은근(vastus lateralis muscle)과 넙다리곧은근힘줄(rectus femoris tendon) 가쪽모서리사이, 무릎뼈바닥(base of patellae)에서 위쪽으로 2寸.","On the anterolateral aspect of the thigh, between the vastus lateralis muscle and the lateral border of the rectus femoris tendon, 2 B-cun superior to the base of the patella.","넓적다리 근육에 힘을 주면, 넙다리 곧은근힘줄과 가쪽넓은근이 현저하게 드러난다. 근육과 힘줄 사이, 陰市(ST33)에서 수직으로 아래쪽 1寸 지점에서 취혈한다.","- 直刺 0.5～1寸

- 斜刺 1～1.5寸",acupoint
ST35,ST,독비,犢鼻,족양명위경,"무릎 앞쪽면, 무릎인대(patella ligament)의 가쪽 오목한 곳으로. 무릎을 굽혔을 때, 무릎뼈 아래가쪽 오목한 곳에서 취혈한다.","On the anterior aspect of the knee, in the depression lateral to the patellar ligament.
Note: When the knee is flexed, ST35 is located in the depression lateral and inferior to the patella.",,"- 0.3～0.5寸 直刺

- 內膝眼쪽으로 2～2.5寸 透刺",acupoint
ST36,ST,족삼리,足三里,족양명위경,"종아리 앞쪽면, 犢鼻(ST35)와 解谿(ST41)를 연결하는 선을 16촌으로 하여, 犢鼻(ST35)에서 아래쪽으로 3寸에 해당됨.","On the anterior aspect of the leg, on the line connecting ST35 with ST41, 3 B-cun inferior to ST35.","앉은 자세에서 발목에 힘을 빼거나, 또는 바로 누워 무릎을 굽힌 자세에서, 犢鼻(ST35) 아래쪽 3寸, 앞정강근(tibialis anterior muscle) 위에 취혈한다. 정강뼈거친면(tuberosity of tibia), 종아리뼈머리(head of fibula), 足三里(ST36)가 정삼각형 모양을 이룸.","- 0.5～1.5寸 直刺

- 上方 또는 下方을 향해 1～2寸 사자를 함.",acupoint
ST37,ST,상거허,上巨虛,족양명위경,"종아리 앞쪽면, 犢鼻(ST35)와 解谿(ST41)를 연결하는 선을 16촌으로 하여, 犢鼻(ST35)에서 아래쪽으로 6寸에 해당됨.","On the anterior aspect of the leg, on the line connecting ST35 with ST41, 6 B-cun inferior to ST35.","앉은 자세에서 발목에 힘을 빼거나, 또는 바로 누워 무릎을 굽힌 자세에서, 犢鼻(ST35) 아래쪽 6寸, 앞정강근(tibialis anterior muscle) 위에 취혈한다.","- 0.5～1.5寸 直刺

- 斜刺 1～2寸",acupoint
ST38,ST,조구,條口,족양명위경,"종아리 앞쪽면, 犢鼻(ST35)와 解谿(ST41)를 연결하는 선을 16촌으로 하여, 犢鼻(ST35)에서 아래쪽으로 8寸에 해당됨.","On the anterior aspect of the leg, on the line connecting ST35 with ST41, 8 B-cun inferior to ST35.","犢鼻(ST35) 아래쪽 8寸 부위. 즉 독비와 해계를 연결한 선의 중점으로, 앞정강근(tibialis anterior muscle) 위에 취혈하며, 豊隆(ST40)과 같은 높이에 해당됨.","- 0.5～1寸 直刺

- 斜刺 1～1.5寸",acupoint
ST39,ST,하거허,下巨虛,족양명위경,"종아리 앞쪽면, 犢鼻(ST35)와 解谿(ST41)를 연결하는 선을 16촌으로 하여, 犢鼻(ST35)에서 아래쪽으로 9寸에 해당됨.","On the anterior aspect of the leg, on the line connecting ST35 with ST41, 9 B-cun inferior to ST35.","犢鼻(ST35) 아래쪽 9寸 부위로, 앞정강근(tibialis anterior muscle) 위에 취혈하며, 陽交(GB35)․外丘(GB36)와 같은 높이에 해당됨.","- 直刺 0.5～1寸

- 斜刺 1～1.5寸",acupoint
ST40,ST,풍륭,豊隆,족양명위경,"종아리 앞가쪽면, 앞정강근(tibialis anterior muscle)의 가쪽모서리에 있으며, 犢鼻(ST35)와 解谿(ST41)를 연결하는 선을 16촌으로 하여, 가쪽 복사 융기(prominence of the lateral malleolus) 위쪽으로 8寸 부위에 해당됨.","On the anterolateral aspect of the leg, lateral border of the tibialis anterior muscle, 8 B-cun superior to the prominence of the lateral malleolus.","가쪽 복사 융기(prominence of the lateral malleolus) 위쪽으로 8寸 부위. 즉 독비와 해계를 연결한 선의 중점 높이로, 條口(ST38)에서 가쪽으로 1指 뒤에서 취혈한다.","- 0.5～1寸 直刺

- 斜刺 1～1.5寸 (鍼尖을 약간 內側으로 향해 刺入)",acupoint
ST41,ST,해계,解谿,족양명위경,"발목 앞쪽면, 발목관절 앞면 중앙부위로서, 긴엄지폄근힘줄(extensor halluces longus tendon)과 긴발가락폄근힘줄(extensor digitorum longus tendon) 사이 오목한 곳에 위치함.","On the anterior aspect of the ankle, in the depression at the centre of the front surface of the ankle joint, between the tendons of extensor hallucis longus and extensor digitorum longus.","발목을 발등 쪽으로 굽혔을 때 발등에서 더욱 도드라지는 긴엄지폄근힘줄과 긴발가락폄근힘줄 사이 오목한 곳에서 취혈하는데, 가쪽복사 융기(prominence of the lateral malleolus)와 안쪽복사 융기(prominence of the medial malleolus)를 연결하는 선의 중점에 해당됨.",- 鍼尖을 足根部로 향하여 0.3～0.8寸 直刺,acupoint
ST42,ST,충양,衝陽,족양명위경,"발등의 둘째 발허리뼈(the 2nd metatarsal bone) 바닥과 중간쐐기뼈(intermediate cuneiform bone)의 관절부위에 해당되며, 발등동맥(dorsalis pedis artery)이 뛰는 곳에 취혈함.","On the dorsum of the foot, at the joint of the base of the second metatarsal bone and the intermediate cuneiform bone, over the dorsalis pedis artery.",,- 足背動靜脈을 피하여 鍼尖을 足背에서 足底를 향해 0.2～0.3寸  直刺,acupoint
ST43,ST,함곡,陷谷,족양명위경,"발등, 둘째와 셋째 발허리뼈(the 2nd and 3rd metatarsal bones)의 사이, 둘째 발허리발가락관절(the 2nd metatarsophalangeal joint)의 몸 쪽 오목한 곳.","On the dorsum of the foot, between the second and third metatarsal bones, in the depression proximal to the second metatarsophalangeal joint.",,"- 直刺 0.3～0.5寸

- 斜刺 0.5～1寸",acupoint
ST44,ST,내정,內庭,족양명위경,"발등 부위, 둘째와 셋째 발가락(the 2nd and 3rd toes) 사이, 발샅 가장자리(web margin) 뒤쪽, 赤白肉際.","On the dorsum of the foot, between the second and third toes, posterior to the web margin, at the border between the red and white flesh.",,"- 直刺 0.2～0.4寸

- 斜刺 0.3～0.8寸 (鍼尖을 上向하여 刺入)",acupoint
ST45,ST,여태,厲兌,족양명위경,"둘째발가락, 끝마디뼈(distal phalanx)가쪽, 둘째발톱 가쪽 뿌리각(lateral corner of the 2nd toenail)에서 몸가쪽으로 0.1寸.","On the second toe, lateral to the distal phalanx, 0.1 F-cun proximallateral to the lateral corner of the second toenail, at the intersection of the vertical line of the lateral border and the horizontal line of the base of the second toenail.",둘째발톱의 가쪽모서리를 지나는 수직선과 발톱뿌리를 지나는 수평선이 만나는 지점에서 취혈한다.,"- 直刺 0.1～0.2寸

- 斜刺 0.1～0.2寸",acupoint
SP1,SP,은백,隱白,족태음비경,"엄지발가락, 끝마디뼈(distal phalanx) 안쪽, 엄지발톱 안쪽 뿌리각(medial corner of the toenail)에서 몸 안쪽으로 1分(0.1寸).","On the great toe, medial to the distal phalanx, 0.1 F-cun proximal-medial to the medial corner of the toenail, at the intersection of the vertical line of the medial border and horizontal line of the base of the toenail.",엄지발톱의 안쪽 모서리를 지나는 수직선과 발톱뿌리를 지나는 수평선이 만나는 지점에서 취혈한다.,"- 直刺 0.1～0.2寸

- 斜刺 0.1～0.3寸 (鍼尖을 上向하여 刺入)

- 三稜鍼으로 點刺出血",acupoint
SP2,SP,대도,大都,족태음비경,"엄지발가락, 첫째 발허리발가락관절(the 1st metatarsophalangeal joint)에서 먼 쪽 오목한 곳, 赤白肉際.","On the great toe, in the depression distal to the 1st metatarsophalangeal joint, at the border between the red and white flesh.",,"- 直刺 0.2～0.3寸

- 斜刺 0.3～0.5寸",acupoint
SP3,SP,태백,太白,족태음비경,"발 안쪽면, 엄지발가락, 첫째 발허리발가락관절(the 1st metatarsophalangeal joint)에서 몸 쪽 오목한 곳의 赤白肉際에 취혈함.","On the medial aspect of the foot, in the depression proximal to the 1st metatarsophalangeal joint, at the border between the red and white flesh.",,"- 0.3～0.5寸 直刺

- 斜刺 0.3～0.5寸",acupoint
SP4,SP,공손,公孫,족태음비경,"발 안쪽면, 첫째 발허리뼈바닥(base of the 1st metatarsal bone)의 아래앞쪽, 赤白肉際.","On the medial aspect of the foot, anteroinferior to the base of the 1st metatarsal bone, at the border between the red and white flesh.","손가락을 太白(SP3)에서부터 몸 쪽으로 움직이면, 첫째 발허리뼈바닥 먼 쪽에서 촉지되는 오목한 곳에서 취혈한다.","- 直刺 0.5～1寸

- 斜刺 1～1.5寸

- 湧泉을 향해 1.5～2寸 透刺",acupoint
SP5,SP,상구,商丘,족태음비경,"발 안쪽면, 안쪽복사(medial malleolus) 아래앞쪽, 발배뼈거친면(tuberosity of the navicular bone)과 안쪽복사 융기(prominence of the medial malleolus)를 연결하는 선 중간의 오목한 곳이며, 中封(LR4)의 뒤쪽, 照海(KI6)의 앞쪽에 위치한다.","On the medial aspect of the foot, anteroinferior to the medial malleolus, in the depression midway between the tuberosity of the navicular bone and the prominence of the medial malleolus.
Note 1: SP5 is located posterior to LR4 and anterior to KI6.",안쪽복사 앞모서리를 지나는 수직선과 아래모서리를 지나는 수평선이 만나는 지점에서 취혈한다.,"- 0.3～0.5寸 直刺를 하거나

- 鍼尖을 解谿(ST41)를 향해 1～1.5寸  橫刺",acupoint
SP6,SP,삼음교,三陰交,족태음비경,"종아리 정강뼈면, 정강뼈 안쪽모서리(medial border of the tibia) 뒤쪽에 해당되며, 안쪽복사 융기(prominence of the medial malleolus)에서 음릉천까지 13촌으로 정했을 때 안쪽복사융기 위 3寸 부위에 취혈함. 바로 1촌 아래지점에 족소음신경의 交信(KI8)이 위치한다.","On the tibial aspect of the leg, posterior to the medial border of the tibia, 3 B-cun superior to the prominence of the medial malleolus.
Note: 1 B-cun superior to KI8.",,"- 1～1.5寸 直刺

- 足部病 치료시는 鍼尖을 약간 後方으로 향해 1～1.5寸 刺入.

- 體幹부 疾患 치료시는 鍼尖을 약간 上向하여 刺入하거나 懸鍾(GB39)으로 透刺하기도 한다.

- 임신부에는 금침혈로 되어 있어 강한 자극을 피해야 함. (아직 명확한 근거는 부족하다)",acupoint
SP7,SP,누곡,谷,족태음비경,"종아리 정강뼈면, 정강뼈 안쪽모서리(medial border of the tibia) 뒤쪽에 해당되며, 안쪽복사 융기(prominence of the medial malleolus)에서 음릉천까지 13촌으로 정했을 때 안쪽복사융기에서 위로 6寸 부위에 취혈함.","On the tibial aspect of the leg, posterior to the medial border of the tibia, 6 B-cun superior to the prominence of the medial malleolus.",三陰交(SP6)에서 위쪽으로 3寸지점에 해당됨.,"- 0.5～1寸 直刺

- 斜刺 1～1.5寸",acupoint
SP8,SP,지기,地機,족태음비경,"종아리 정강뼈면, 정강뼈 안쪽모서리(medial border of the tibia) 뒤쪽에 해당되며, 안쪽복사 융기(prominence of the medial malleolus)에서 음릉천까지 13촌으로 정했을 때 陰陵泉(SP9)에서 아래쪽으로 3寸 부위에 취혈함.","On the tibial aspect of the leg, posterior to the medial border of the tibia, 3 B-cun inferior to SP9.
Note: SP8 is located at the junction of the upper 1/3 and lower 2/3 of the line connecting the apex of the patella with the prominence of the medial malleolus.",,"- 0.5～1寸 直刺

- 斜刺 1～2寸",acupoint
SP9,SP,음릉천,陰陵泉,족태음비경,"종아리 정강뼈면, 정강뼈 안쪽관절융기 아래모서리와 정강뼈 안쪽모서리(medial border of the tibia) 사이의 오목한 곳.","On the tibial aspect of the leg, in the depression between the inferior border of the medial condyle of the tibia and the medial border of the tibia.",손가락을 정강뼈 안쪽모서리를 따라서 몸 쪽으로 움직이면 무릎관절 아래에 오목한 곳이 느껴진다. 정강뼈 안쪽관절융기의 아래모서리와 정강뼈 뒤모서리로 이루어진 각의 오목한 곳에서 취혈한다.,"- 直刺 0.5～1寸

- 斜刺 1～1.5寸

- 陽陵泉(GB34)으로 透刺하기도 한다.",acupoint
SP10,SP,혈해,血海,족태음비경,"넓적다리 앞 안쪽면, 안쪽넓은근(vastus medialis muscle)이 튀어나온 곳으로, 무릎뼈바닥(base of the patella) 안쪽 끝에서 위쪽으로 2寸 부위에 해당됨.","On the anteromedial aspect of the thigh, on the bulge of the vastus medialis muscle, 2 B-cun superior to the medial end of the base of the patella.","환자로 하여금 바르게 앉아 무릎을 굽히게 하고, 의사의 손바닥을 환자 무릎에 올려 손바닥을 무릎뼈꼭지 끝에 대고, 엄지손가락과 검지손가락이 이루는 각이 45°가 되도록 벌려서, 엄지손가락을 넓적다리 안쪽으로 향하게 하여 무릎뼈를 감싸듯이 손을 내렸을 때, 엄지손가락 끝이 닿는 곳에서 취혈한다.","- 0.5～0.8寸 直刺

- 斜刺 1～1.5寸",acupoint
SP11,SP,기문,箕門,족태음비경,"넓적다리 안쪽면, 무릎뼈바닥(base of the patella) 안쪽끝과 衝門(SP12)을 연결하는 선에서 위쪽으로부터 1/3과
아래쪽으로부터 2/3가 되는 지점, 긴 모음근(adductor longus muscle)과 넙다리빗근(sartorius muscle)의 사이, 넙다리동맥(femoral artery)이 뛰는 곳.","On the medial aspect of the thigh, at the junction of the upper 1/3 and lower 2/3 of the line connecting the medial end of the base of the patella with SP12, between the sartorius muscle and the adductor longus muscle, over the femoral artery.",,"- 直刺 0.3～0.5寸 (動脈을 피하여 刺鍼)

- 斜刺 0.5～0.8寸

- 不可深刺",acupoint
SP12,SP,충문,衝門,족태음비경,"샅부위(groin region), 샅고랑 주름(inguinal crease) 위, 넙다리동맥(femoral artery)의 가쪽.","In the groin region, at the inguinal crease, lateral to the femoral artery.","曲骨(CV2)과 같은 높이, 府舍(SP13)의 아래안쪽에서 취혈한다.","- 直刺 0.5～0.7寸 (動脈을 피하여 刺鍼)

- 斜刺 0.5～1寸",acupoint
SP13,SP,부사,府舍,족태음비경,"아랫배, 배꼽(umbilicus) 중심에서 아래쪽으로 4.3寸, 앞정중선(anterior median line)에서 가쪽으로 4寸.","On the lower abdomen, 4.3 B-cun inferior to the center of the umbilicus, 4 B-cun lateral to the anterior median line.",,"- 直刺 0.5～1寸

- 斜刺 0.5～1寸",acupoint
SP14,SP,복결,腹結,족태음비경,"아랫배, 배꼽(umbilicus) 중심에서 아래쪽으로 1.3寸, 앞정중선(anterior median line)에서 가쪽으로 4寸.","On the lower abdomen, 1.3 B-cun inferior to the center of the umbilicus, 4 B-cun lateral to the anterior median line.",,"- 直刺 0.5～1寸

- 斜刺 0.5～1寸",acupoint
SP15,SP,대횡,大橫,족태음비경,"윗배, 배꼽(umbilicus) 중심에서 가쪽으로 4寸.","On the upper abdomen, 4 B-cun lateral to the center of the umbilicus.
Note: At the same level and lateral to ST25, KI16 and CV8.",,"- 直刺 0.5～1寸

- 斜刺 0.7～1.5寸

- 橫刺 2～2.5寸

- 蛔蟲症 치료시는 臍中을 향해 橫刺한다.",acupoint
SP16,SP,복애,腹哀,족태음비경,"윗배, 배꼽(umbilicus) 중심에서 위쪽으로 3寸, 앞정중선(anterior median line)에서 가쪽으로 4寸.","On the upper abdomen, 3 B-cun superior to the center of the umbilicus, 4 B-cun lateral to the anterior median line.
Note: 3 B-cun superior to SP15, at the same level as CV11.",,"- 直刺 0.5～1寸

- 斜刺 0.7～1寸",acupoint
SP17,SP,식두,食竇,족태음비경,"앞가슴부위, 다섯째 갈비사이공간(the 5th intercostal space), 앞정중선(anterior median line)에서 가쪽으로 6寸.","In the anterior thoracic region, in the 5th intercostal space, 6 B-cun lateral to the anterior median line.
Note: SP17, ST18, and KI22 are located along the curve of the 5th intercostal space.",,"- 直刺 0.2～0.3寸 (不宜深刺)

- 斜刺 0.3～0.4寸",acupoint
SP18,SP,천계,天谿,족태음비경,"앞가슴부위, 넷째 갈비사이공간(the 4th intercostal space), 앞정중선(anterior median line)에서 가쪽으로 6寸.","In the anterior thoracic region, in the 4th intercostal space, 6 B-cun lateral to the anterior median line.
Note: SP18, ST17, and KI23 are located along the curve of the 4th intercostal space.",,"- 直刺 0.2～0.3寸 (不宜深刺)

- 斜刺 0.3～0.5寸",acupoint
SP19,SP,흉향,胸鄕,족태음비경,"앞가슴부위, 셋째 갈비사이공간(the 3rd intercostal space), 앞정중선(anterior median line)에서 가쪽으로 6寸.","In the anterior thoracic region, in the 3rd intercostal space, 6 B-cun lateral to the anterior median line.
Note: SP19, ST16, and KI24 are located along the curve of the 3rd intercostal space.",,"- 直刺 0.2～0.3寸 (不宜深刺)

- 斜刺 0.3～0.5寸",acupoint
SP20,SP,주영,周榮,족태음비경,"앞가슴부위, 둘째 갈비사이공간(the 2nd intercostal space), 앞정중선(anterior median line)에서 가쪽으로 6寸.","In the anterior thoracic region, in the 2nd intercostal space, 6 B-cun lateral to the anterior median line.
Note: SP20, ST15, and KI25 are located along the curve of the 2nd intercostal space.",,"- 直刺 0.2～0.4寸

- 斜刺 0.3～0.5寸",acupoint
SP21,SP,대포,大包,족태음비경,"가쪽가슴부위, 여섯째 갈비사이공간(the 6th intercostal space), 중간겨드랑선(midaxillary line) 위.","In the lateral thoracic region, in the 6th intercostal space, on the midaxillary line.","옆으로 누워 팔을 외전시켰을 때, 중간겨드랑선과 여섯째 갈비사이공간이 만나는 곳에서 취혈한다.","- 直刺 0.2～0.3寸 (不宜深刺)

- 斜刺 0.3～0.4寸",acupoint
HT1,HT,극천,極泉,수소음심경,"겨드랑, 겨드랑 중심(centre of the axillary fossa), 겨드랑동맥(axillary artery)이 뛰는 곳.","In the axilla, in the centre of the axillary fossa, over the axillary artery.","팔꿈치를 구부리고 팔을 들어 손바닥을 머리 뒤쪽에 두고, 겨드랑동맥이 뛰는 부위를 취혈한다.","- 直刺 0.2～0.5寸 (上向하여 겨드랑이로 향해)

- 혈관, 신경을 찌르지 않도록 주의한다.",acupoint
HT2,HT,청령,靑靈,수소음심경,"위팔 안쪽면, 위팔두갈래근(biceps brachii muscle)의 안쪽모서리 바로 안쪽, 팔오금주름(cubital crease)에서 위쪽으로 3寸.","On the medial aspect of the arm, just medial to the biceps brachii muscle, 3 B-cun superior to the cubital crease.","팔꿈치를 굽히고 위팔을 외전했을 때, 極泉(HT1)과 少海(HT3)를 연결하는 선에서 위쪽으로부터 2/3, 아래쪽으로부터 1/3이 되는 지점에서 취혈한다.","- 直刺 0.3～0.5寸 (臂內側에서 外側으로)

- 斜刺 0.5～1寸",acupoint
HT3,HT,소해,少海,수소음심경,"팔꿈치 앞안쪽면, 위팔뼈 안쪽위관절융기(medial epicondyle of the humerus) 바로 앞쪽, 팔오금주름(cubital crease)과 같은 높이.","On the anteromedial aspect of the elbow, just anterior to the medial epicondyle of the humerus, at the same level as the cubital crease.","팔꿈치를 굽혔을 때, 팔오금주름 안쪽끝과 위팔뼈 안쪽위관절융기를 연결하는 선의 중점에서 취혈한다.","- 直刺 0.3～0.8寸

- 斜刺 0.5～1寸",acupoint
HT4,HT,영도,道,수소음심경,"아래팔 앞안쪽면, 자쪽손목굽힘근힘줄(flexor carpi ulnaris tendon)의 노쪽모서리 바로 노쪽, 손바닥쪽 손목주름(palmar wrist crease)에서 몸쪽으로 1.5寸.","On the anteromedial aspect of the forearm, just radial to the flexor carpi ulnaris tendon, 1.5 B-cun proximal to the palmar wrist crease.","콩알뼈(pisiform bone) 위모서리 노쪽에서 몸쪽으로 1.5寸, 즉 神門(HT7)에서 몸쪽으로 1.5寸에서 취혈한다. 자뼈머리(head of the ulna)의 위모서리 및 列缺(LU7)과 같은 높이에 위치한다.","- 直刺 0.2～0.5寸 

- 斜刺 0.5～0.8寸",acupoint
HT5,HT,통리,通里,수소음심경,"아래팔 앞안쪽면, 자쪽손목굽힘근힘줄(flexor carpi ulnaris tendon) 노쪽, 손바닥쪽 손목주름(palmar wrist crease)에서 몸 쪽으로 1寸.","On the anteromedial aspect of the forearm, radial to the flexor carpi ulnaris tendon, 1 B-cun proximal to the palmar wrist crease.","콩알뼈 몸쪽모서리 노쪽에서 몸 쪽으로 1寸, 즉 神門(HT7)에서 몸 쪽으로 1寸, 經渠(LU8)와 같은 높이에서 취혈한다. 靈道(HT4)는 자뼈머리(head of the ulna)의 뿌리, 通里(HT5)는 자뼈머리의 몸통, 陰郄(HT6)은 자뼈머리의 바닥과 같은 높이에 위치한다.","- 直刺 0.3～0.5寸

- 斜刺 0.5～1寸",acupoint
HT6,HT,음극,陰郄,수소음심경,"아래팔 앞안쪽면, 자쪽손목굽힘근힘줄(flexor carpi ulnaris tendon)의 노쪽, 손바닥 쪽 손목주름(palmar wrist crease)에서 몸 쪽으로 0.5寸.","On the anteromedial aspect of the firearm, radial to the flexor carpi ulnaris tendon, 0.5 B-cun proximal to the palmar wrist crease.","콩알뼈(pisiform bone) 몸 쪽 모서리 노쪽에서 몸 쪽으로 0.5寸, 즉 神門(HT7)에서 몸 쪽으로 0.5寸에서 취혈한다. 자뼈머리(head of the ulna)의 먼 쪽 모서리와 같은 높이에 위치한다.","- 直刺 0.3～0.5寸 

- 斜刺 0.5～1寸",acupoint
HT7,HT,신문,神門,수소음심경,"손목 앞안쪽면, 자쪽손목굽힘근힘줄(flexor carpi ulnaris tendon)의 노쪽모서리 노쪽, 손바닥 쪽 손목주름(palmar wrist crease) 위.","On the anteromedial aspect of the wrist, radial to the flexor carpi ulnaris tendon, on the palmar wrist crease.","손바닥을 위로 향했을 때, 콩알뼈(pisiform bone) 몸 쪽 모서리의 노쪽 오목한 곳으로, 손바닥 쪽 손목주름 위에서 취혈한다.","- 直刺 0.2～0.5寸 

- 斜刺 0.5～0.8寸",acupoint
HT8,HT,소부,少府,수소음심경,"손바닥, 넷째와 다섯째 손허리뼈(the 4th and 5th metacarpal bones) 사이, 다섯째 손허리손가락관절(the 5th metacarpophalangeal joint)의 몸 쪽 오목한 곳.
※주 : 勞宮(PC8)과 같은 높이에 위치한다.","On the palm of the hand, in the depression between the fourth and fifth metacarpal bones, proximal to the fifth metacarpophalangeal joint.
Note: at the same level as PC8.","주먹을 쥘 때, 새끼손가락 끝이 손바닥에 닿는 부위에서 취혈한다.","- 直刺 0.3～0.5寸(鍼尖을 손바닥에서 손등을 향해 刺入)

- 斜刺 0.3～0.5寸",acupoint
HT9,HT,소충,少衝,수소음심경,"새끼손가락, 끝마디뼈(distal phalanx)의 노쪽, 새끼손톱 노쪽 뿌리각(radial corner of the little fingernail)에서 몸가쪽으로 0.1寸.","On the little finger, radial to the distal phalanx, 0.1 F-cun proximal-lateral to the radial corner of the little fingernail, at the intersection of the vertical line of the radial border of the nail and the horizontal line of the base of the little fingernail.",새끼손톱의 노쪽모서리를 지나는 수직선과 손톱뿌리를 지나는 수평선이 만나는 지점에서 취혈한다.,"- 直刺 0.1～0.2寸 

- 斜刺 0.2～0.3寸

- 三稜鍼으로 點刺出血",acupoint
SI1,SI,소택,少澤,수태양소장경,"새끼손가락, 끝마디뼈(distal phalanx)의 자쪽, 새끼손톱 자쪽 뿌리각(ulnar corner of the little fingernail)에서 몸 안쪽으로 0.1寸.","On the little finger, ulnar to the distal phalanx, 0.1 F-cun proximal-medial to the ulnar corner of the little fingernail, at the intersection of the vertical line of ulnar border of the nail and the horizontal line of the base of the little fingernail.",새끼손톱의 자쪽모서리를 지나는 수직선과 손톱뿌리를 지나는 수평선이 만나는 지점에서 취혈한다.,"- 直刺 0.1～0.2寸

- 斜刺 0.2～0.3寸 (약간 上向)

- 三稜鍼으로 點刺出血",acupoint
SI2,SI,전곡,前谷,수태양소장경,"새끼손가락, 다섯째 손허리손가락관절(the 5th metacarpophalangeal joint)자쪽의 먼 쪽 오목한 곳, 赤白肉際.","On the little finger, in the depression distal to the ulnar side of the fifth metacarpophalangeal joint, at the border between the red and white flesh.","손을 약간 굽혔을 때, 새끼손가락의 손바닥 쪽 손허리손가락주름(palmar metacarpophalangeal crease) 자쪽 끝에서 취혈한다.","- 直刺 0.2～0.3寸

- 斜刺 0.3～0.5寸",acupoint
SI3,SI,후계,後谿,수태양소장경,"손등, 다섯째 손허리손가락관절(the 5th metacarpophalangeal joint) 자쪽의 몸 쪽 오목한 곳, 赤白肉際.","On the dorsum of the hand, in the depression proximal to the ulnar side of the fifth metacarpophalangeal joint, at the border between the red and white flesh.","손을 약간 굽혔을 때, 손바닥의 먼 쪽 가로피부주름(distal transverse skin crease)의 자쪽 끝, 赤白肉際에서 취혈한다.","- 直刺 0.5～1寸

- 斜刺 0.5～2寸 (주먹을 쥐고 中手骨을 沿해 外側에서 前內方으로)

- 手指痙攣 치료시 合谷을 향해 1.5～2寸 透刺",acupoint
SI4,SI,완골,腕骨,수태양소장경,"손목 뒤 안쪽면, 다섯째 손허리뼈바닥(base of the 5th metacarpal bone)과 세모뼈(triquetrum bone) 사이의 오목한 곳, 赤白肉際.","On the posteromedial aspect of the wrist, in the depression between the base of the fifth metacarpal bone and the triquetrum bone, at the border between the red and white flesh.","손가락을 後谿(SI3)에서 다섯째 손허리뼈를 따라 몸 쪽으로 뼈가 튀어나온 곳까지 밀면, 다섯째 손허리뼈와 세모뼈 사이의 오목한 곳에 이른다. 이 곳의 赤白肉際에서 취혈한다.","- 直刺 0.3～0.5寸

- 斜刺 0.5～1寸",acupoint
SI5,SI,양곡,陽谷,수태양소장경,"손목 뒤 안쪽면, 자뼈붓돌기(ulnar styloid process)와 세모뼈(triquetrum bone) 사이의 오목한 곳.","On the posteromedial aspect of the wrist, in the depression between the triquetrum bone and the ulnar styloid process.",,"- 直刺 0.2～0.4寸

- 斜刺 0.3～0.5寸",acupoint
SI6,SI,양로,養老,수태양소장경,"아래팔 뒤 안쪽면, 자뼈머리(head of the ulna)의 노쪽, 손등 쪽 손목주름(dorsal wrist crease)에서 몸 쪽으로 1寸 지점의 오목한 곳.","On the posteromedial aspect of the forearm, in the depression radial to the head of the ulnar bone, 1 B-cun proximal to the dorsal wrist crease.","손바닥을 아래로 향하게 하고, 다른 손의 한 손가락으로 자뼈머리의 가장 높은 지점을 누른 상태에서, 손바닥을 가슴 쪽으로 돌리면 손가락이 미끄러져 들어가는 뼈 사이의 틈새에서 취혈한다.","- 直刺 0.3～0.5寸

- 斜刺 1～1.5寸 (內關(PC6)을 향해 刺入)",acupoint
SI7,SI,지정,支正,수태양소장경,"아래팔 뒤 안쪽면, 자뼈 안쪽모서리(medial border of the ulna)와 자쪽손목굽힘근(flexor carpi ulnaris muscle)의 사이, 손등 쪽 손목주름(dorsal wrist crease)에서 몸 쪽으로 5寸.","On the posteromedial aspect of the forearm, between the medial border of the ulnar bone and the flexor carpi ulnaris muscle, 5 B-cun proximal to the dorsal wrist crease.",陽谷(SI5)과 小海(SI8)를 연결하는 선의 중점에서 먼 쪽으로 1寸 지점에서 취혈한다.,"- 直刺 0.3～0.5寸

- 斜刺 0.3～0.5寸",acupoint
SI8,SI,소해,小海,수태양소장경,"팔꿈치 뒤 안쪽면, 자뼈 팔꿈치머리(olecranon)와 위팔뼈 안쪽위관절융기(medial epicondyle of the humerus)사이의 오목한 곳.","On the posteromedial aspect of the elbow, in the depression between the olecranon and the medial epicondyle of the humerus bone.","팔꿈치를 약간 굽혔을 때, 자신경고랑(groove for the ulnar nerve)에 해당하는 곳에서 취혈한다. 손가락으로 그곳을 두드리면 전기 통하는 느낌이 새끼손가락까지 전달된다.","- 直刺 0.2～0.5寸

- 斜刺 0.3～0.7寸",acupoint
SI9,SI,견정,肩貞,수태양소장경,"팔이음뼈(shoulder girdle), 어깨관절(shoulder joint) 아래뒤쪽, 겨드랑주름(axillary fold) 뒤쪽끝에서 위쪽으로 1寸.","On the shoulder girdle, posteroinferior to the shoulder joint, 1 B-cun superior to the posterior end of the axillary fold.","팔을 몸통에 붙이고, 뒤겨드랑주름 끝에서 위쪽으로 1寸, 어깨세모근(deltoid muscle)의 뒤에서 취혈한다.","- 直刺 0.5～1寸

- 斜刺 0.5～1.5寸",acupoint
SI10,SI,노수,臑兪,수태양소장경,"팔이음뼈(shoulder girdle), 겨드랑주름(axillary fold) 뒤쪽끝에서 위쪽, 어깨뼈가시(spine of the scapula) 아래쪽 오목한 곳.","On the shoulder girdle, superior to the posterior end of the axillary fold, in the depression inferior to the spine of the scapula.",,"- 直刺 0.5～1寸

- 斜刺 1～2寸 (약간 前下方으로)",acupoint
SI11,SI,천종,天宗,수태양소장경,"어깨뼈부위, 어깨뼈가시(spine of the scapula) 중점과 어깨뼈 아래각(inferior angle of the scapula)을 연결하는 선에서 위쪽으로부터 1/3과 아래쪽으로 부터 2/3가 되는 지점의 오목한 곳.","In the scapular region, in the depression between the upper one third and lower two thirds of the line connecting the midpoint of the spine of the scapula with the inferior angle of the scapula.",,"- 直刺 0.5寸

- 斜刺 0.5～1寸 (주위를 향해서)",acupoint
SI12,SI,병풍,秉風,수태양소장경,"어깨뼈부위, 가시위오목(supraspinatus fossa), 어깨뼈가시(spine of the scapula) 중점 위쪽의 오목한 곳.","In the scapular region, in the supraspinatous fossa, superior to the midpoint of the spine of the scapula.",,"- 直刺 0.3～0.5寸

- 斜刺 0.5～0.7寸",acupoint
SI13,SI,곡원,曲垣,수태양소장경,"어깨뼈부위, 어깨뼈가시(spine of the scapula) 안쪽끝 위쪽 오목한 곳.","In the scapular region, in the depression superior to the medial end of the spine of the scapula.
Note: SI13 is located at the midpoint of the line connecting SI10 with the spinous process of the second thoracic vertebra (T2).",,"- 直刺 0.3～0.5寸

- 斜刺 0.5～0.8寸",acupoint
SI14,SI,견외수,肩外兪,수태양소장경,"위쪽 등부위, 첫째 등뼈 가시돌기(spinous process of the 1st thoracic vertebra) 아래 모서리와 같은 높이, 뒤정중선(posterior median line)에서 가쪽으로 3寸.","In the upper back region, at the same level as the inferior border of the spinous process of the first thoracic vertebra (T1), 3 B-cun lateral to the posterior median line.",어깨뼈가시(spine of the scapula)의 안쪽끝을 지나는 수직선과 첫째 등뼈 가시돌기 아래를 지나는 수평선이 만나는 지점에서 취혈한다.,"- 直刺 0.3～0.5寸

- 斜刺 0.5～0.7寸",acupoint
SI15,SI,견중수,肩中兪,수태양소장경,"위쪽 등부위, 일곱째 목뼈 가시돌기(spinous process of the 7th cervical vertebra) 아래 모서리와 같은 높이, 뒤정중선(posterior median line)에서 가쪽으로 2寸.","In the upper back region, at the same level as the inferior border of the spinous process of the seventh cervical vertebra (C7), 2 B-cun lateral to the posterior median line.",뒤정중선과 어깨뼈 안쪽모서리(medial border of the scapula)를 연결하는 선에서 가쪽으로부터 1/3과 안쪽으로부터 2/3가 되는 지점을 지나는 수직선과 일곱째 목뼈 가시돌기 아래를 지나는 수평선이 만나는 지점에서 취혈한다.,"- 直刺 0.3～0.5寸

- 斜刺 0.5～0.8寸",acupoint
SI16,SI,천창,天窓,수태양소장경,"목 앞부위, 목빗근(sternocleidomastoid muscle)의 뒤쪽, 방패연골(thyroid cartilage) 위모서리와 같은 높이.","In the anterior region of the neck, posterior to the sternocleidomastoid muscle, at the same level as the superior border of the thyroid cartilage.",저항을 받으며 머리를 반대로 돌리면 목빗근이 현저하게 드러난다.,"- 直刺 0.3～0.5寸

- 斜刺 0.5～0.8寸",acupoint
SI17,SI,천용,天容,수태양소장경,"목 앞부위, 턱뼈각(mandibular angle)뒤쪽, 목빗근(sternocleidomastoid muscle) 앞쪽 오목한 곳.","In the anterior region of the neck, posterior to the angle of the mandible, in the depression anterior to the sternocleidomastoid muscle.",저항을 받으며 머리를 반대로 돌렸을 때 목빗근이 현저하게 드러난다.,"- 直刺 0.3～0.5寸

- 斜刺 0.5～1.5寸 (舌根部로 향해)",acupoint
SI18,SI,관료,顴髎,수태양소장경,"얼굴, 광대뼈(zygomatic bone) 아래쪽, 가쪽눈구석(outer canthus)에서 수직으로 아래쪽 오목한 곳.","On the face, inferior to the zygomatic bone, in the depression directly inferior to the outer canthus of the eye.",광대뼈 아래모서리의 수평선과 가쪽눈 구석의 수직선이 만나는 부위의 오목한 곳에서 취혈한다.,"- 直刺 0.2～0.3寸

- 斜刺 0.5～1寸 (下方으로 향해)

- 禁鍼灸 (『醫學入門』) 

- 刺二分禁灸 (『類經圖翼』)",acupoint
SI19,SI,청궁,聽宮,수태양소장경,"얼굴, 귀구슬(tragus) 중심의 앞모서리와 아래턱뼈 관절돌기(condylar process of the mandible) 사이의 오목한 곳.","On the face, in the depression between the anterior border of the center of the tragus and the posterior border of the condylar process of the mandible.","입을 약간 벌릴 때 나타나는 귀구슬 중심의 앞쪽 오목한 곳으로, 耳門(TE21)과 聽會(GB2)의 사이에서 취혈한다.","- 直刺 0.3～0.5寸

- 斜刺 0.5～1寸 (입을 벌리고 약간 下部로 향하여)",acupoint
BL1,BL,정명,睛明,족태양방광경,"얼굴, 안쪽눈구석(inner canthus)의 위 안쪽 부분과 눈확(orbit)의 안쪽 벽 사이의 오목한 곳.","On the face, in the depression between the superomedial parts of the inner canthus of the eye and the medial wall of the orbit.","눈을 감고 눈동자를 반대편으로 돌린 상태에서, 안쪽눈구석에서 위안쪽으로 0.1寸 지점의 오목한 곳에서 취혈한다.","- 直刺 0.1～0.3寸 (不宜深刺)

- 斜刺 0.3～0.7寸",acupoint
BL2,BL,찬죽,攢竹,족태양방광경,"머리, 눈썹 안쪽끝의 오목한 곳.","On the head, in the depression at the medial end of the eyebrow.","이마뼈패임(frontal notch), 睛明(BL1)에서 수직으로 위쪽, 눈썹 안쪽끝에서 취혈한다.","- 直刺 0.3～0.5寸

- 三稜鍼으로 點刺出血

- 眼疾患 치료시 鍼尖을 下向하여 睛明(BL1)이나 外方의 絲竹空(TE23)으로 斜透刺 0.5～1寸",acupoint
BL3,BL,미충,眉衝,족태양방광경,"머리, 이마뼈패임(frontal notch)의 위 쪽, 前髮際(anterior hairline)에서 위 쪽으로 0.5寸.","On the head, superior to the frontal notch, 0.5 B-cun superior to the anterior hairline.",神庭(GV24)을 지나는 수평선과 攢竹(BL2)을 지나는 수직선이 만나는 곳에서 취혈한다. 神庭(GV24)과 曲差(BL4) 사이의 중간에 위치한다.,"- 直刺 0.2～0.3寸

- 斜刺 0.3～0.5寸 (鍼尖을 上方 혹은 外方으로 향하고 피부를 沿하여 橫刺)",acupoint
BL4,BL,곡차,曲差,족태양방광경,"머리, 前髮際(anterior hairline)에서 위쪽으로 0.5寸, 앞정중선(anterior median line)에서 가쪽으로 1.5寸.","On the head, 0.5 B-cun superior to the anterior hairline, 1.5 B-cun lateral to the anterior median line.","神庭(GV24)과 頭維(ST8)를 연결하는 활모양의 가상선에서 안쪽으로부터 1/3, 가 쪽으로부터 2/3가 되는 지점에서 취혈한다.","- 直刺 0.2～0.3寸

- 斜刺(橫刺) 0.3～0.5寸",acupoint
BL5,BL,오처,五處,족태양방광경,"머리, 前髮際(anterior hairline)에서 위쪽으로 1寸, 앞정중선(anterior median line)에서 가쪽으로 1.5寸.","On the head, 1 B-cun superior to the anterior hairline, 1.5 B-cun lateral to the anterior median line.
Note: 0.5 B-cun superior to BL4, at the same level as GV23.",,"- 直刺 0.2～0.3寸

- 斜刺 0.3～0.5寸

- 橫刺時는 鍼尖을 向上 혹은 向下하여 皮下를 沿하여 0.3～0.5寸 刺入",acupoint
BL6,BL,승광,承光,족태양방광경,"머리, 前髮際(anterior hairline)에서 위로 2.5寸, 앞정중선(anterior median line)에서 가쪽으로 1.5寸.","On the head, 2.5 B-cun superior to the anterior hairline, 1.5 B-cun lateral to the anterior median line.
Note: 1.5 B-cun superior to BL5. 2 B-cun superior to BL4.",,"- 直刺 0.2～0.3寸

- 斜刺 0.3～0.5寸 (沿皮刺)",acupoint
BL7,BL,통천,通天,족태양방광경,"머리, 前髮際(anterior hairline)에서 위쪽으로 4寸, 앞정중선(anterior median line)에서 가쪽으로 1.5寸.","On the head, 4 B-cun superior to the anterior hairline, 1.5 B-cun lateral to the anterior median line.
Note: Midway between BL6 and BL8.",,"- 直刺 0.2～0.3寸

- 斜刺 0.3～0.5寸 (沿皮刺)",acupoint
BL8,BL,낙각,絡却,족태양방광경,"머리, 前髮際(anterior hairline)에서 위쪽으로 5.5寸, 앞정중선(anterior median line)에서 가쪽으로 1.5寸.","On the head, 5.5 B-cun superior to the anterior hairline, 1.5 B-cun lateral to the anterior median line.
Note: 0.5 B-cun posterior and 1.5 B-cun lateral to GV20.",,"- 直刺 0.2～0.3寸

- 斜刺 0.3～0.5寸 (沿皮刺)",acupoint
BL9,BL,옥침,玉枕,족태양방광경,"머리, 바깥뒤통수뼈융기(external occipital protuberance) 위모서리와 같은 높이, 뒤 정중선(posterior median  line)에서 가쪽으로 1.3寸.","On the head, at the same level as the superior border of the external occipital protuberance, and 1.3 B-cun lateral to the posterior median line.",등세모근(trapezius muscle) 가쪽모서리를 지나는 수직선과 바깥뒤통수뼈융기 위모서리를 지나는 수평선이 만나는 지점에서 취혈한다.,"- 直刺 0.2～0.3寸

- 斜刺 0.3～0.5寸 (下로 향하고 피부를 沿하여 刺入)",acupoint
BL10,BL,천주,天柱,족태양방광경,"목 뒤부위, 둘째 목뼈 가시돌기(spinous process of the 2nd cervical vertebra) 위모서리와 같은 높이, 등세모근(trapezius muscle) 가쪽모서리 오목한 곳.","In the posterior region of the neck, at the same level as the superior border of the spinous process of the second cervical vertebra (C2), in the depression lateral to the trapezius muscle.",,"- 直刺 0.3～0.5寸

- 斜刺 0.5～1寸",acupoint
BL11,BL,대저,大杼,족태양방광경,"위쪽 등부위, 첫째 등뼈 가시돌기(spinous process of the 1st thoracic vertebra) 아래모서리와 같은 높이, 뒤정중선(posterior median line)에서 가쪽으로 1.5寸.","In the upper back region, at the same level as the inferior border of the spinous process of the first thoracic vertebra (T1), 1.5 B-cun lateral to the posterior median line.",陶道(GV13)와 肩外兪(SI14) 사이의 중점에서 취혈한다.,"- 直刺 0.3～0.5寸

- 斜刺 0.5～1寸 (斜下方 또는 椎體 方向)",acupoint
BL12,BL,풍문,風門,족태양방광경,"위쪽 등부위, 둘째 등뼈 가시돌기(spinous process of the 2nd thoracic vertebra) 아래모서리와 같은 높이,뒤정중선(posterior median line)에서 가쪽으로 1.5寸.","In the upper back region, at the same level as the inferior border of the spinous process of the second thoracic vertebra (T2), 1.5 B- cun lateral to the posterior median line.",附分(BL41)과 둘째 등뼈 가시돌기 아래모서리 사이의 중점에서 취혈한다.,"- 直刺 0.3～0.5寸

- 斜刺 0.5～1寸 (약간 비스듬히 척추를 향해)",acupoint
BL13,BL,폐수,肺兪,족태양방광경,"위쪽 등부위, 셋째 등뼈 가시돌기(spinous process of the 3rd thoracic vertebra) 아래모서리와 같은 높이, 뒤정중선(posterior median line)에서 가쪽으로 1.5寸.","In the upper back region, at the same level as the inferior border of the spinous process of the third thoracic vertebra (T3), 1.5 B-cun lateral to the posterior median line.",身柱(GV12)와 魄戶(BL42) 사이의 중점에서 취혈한다.,"- 直刺 0.3～0.5寸

- 斜刺 0.5～1寸 (脊椎를 향해 上方 30°이나 下斜方으로)",acupoint
BL14,BL,궐음수,厥陰兪,족태양방광경,"위쪽 등부위, 넷째 등뼈 가시돌기 (spinous process of the 4th thoracic vertebra) 아래모서리와 같은 높이, 뒤정중선(posterior median line)에서 가쪽으로 1.5寸.","In the upper back region, at the same level as the inferior border of the spinous process of the fourth thoracic vertebra (T4), 1.5 B-cun lateral to the posterior median line.",膏肓(BL43)과 넷째 등뼈 가시돌기 아래모서리 사이의 중점에서 취혈한다.,"- 直刺 0.3～0.5寸

- 斜刺 0.5～1寸 (척추를 향해 30° 上方이나 下斜方으로)",acupoint
BL15,BL,심수,心兪,족태양방광경,"위쪽 등부위, 다섯째등뼈가시돌기 (spinous process of the 5th thoracic vertebra) 아래모서리와 같은 높이, 뒤정중선(posterior median line)에서 가쪽으로 1.5寸.","In the upper back region, at the same level as the inferior border of the spinous process of the fifth thoracic vertebra (T5), 1.5 B-cun lateral to the posterior median line.",神道(GV11)와 神堂(BL44) 사이의 중점에서 취혈한다.,"- 直刺 0.3～0.5寸

- 斜刺 1.5寸 (척추를 향해 30°上方이나 斜下方으로)

- 橫刺하여 위에서 아래로 筋層을 뚫고 1～2寸 透刺",acupoint
BL16,BL,독수,督兪,족태양방광경,"위쪽 등부위, 여섯째 등뼈 가시돌기 (spinous process of the 6th thoracic vertebra) 아래모서리와 같은 높이, 뒤정중선(posterior median line)에서 가쪽으로 1.5寸.","In the upper back region, level with the inferior border of the spinous process of the sixth thoracic vertebra (T6), 1.5 B-cun lateral to the posterior median line.",靈臺(GV10)와 噫嘻(BL45) 사이의 중점에서 취혈한다.,"- 直刺 0.3～0.5寸

- 斜刺 0.5～1寸 (척추를 향해 30°上方이나 斜下方으로)

- 橫刺하여 위에서 아래로 筋層을 뚫고 1～2寸 透刺",acupoint
BL17,BL,격수,膈兪,족태양방광경,"위쪽 등부위, 일곱째 등뼈 가시돌기 (spinous process of the 7th thoracic vertebra) 아래모서리와 같은 높이, 뒤정중선(posterior median line)에서 가쪽으로 1.5寸.","In the upper back region, at the same level as the inferior border of the spinous process of the seventh thoracic vertebra (T7), 1.5 B-cun lateral to the posterior median line.
Note: The inferior angle of the scapula is at the same level as the spinous process of the seventh thoracic vertebra.",至陽(GV9)과 膈關(BL46) 사이의 중점에서 취혈한다.,"- 直刺 0.3～0.5寸

- 斜刺 0.5～1寸 (척추를 향해 30°上方이나 斜下方으로)

- 橫刺하여 위에서 아래로 筋層을 뚫고 1～2寸 透刺",acupoint
BL18,BL,간수,肝兪,족태양방광경,"위쪽 등부위, 아홉째 등뼈 가시돌기 (spinous process of the 9th thoracic vertebra) 아래모서리와 같은 높이, 뒤정중선(posterior median line)에서 가쪽으로 1.5寸.","In the upper back region, at the same level as the inferior border of the spinous process of the ninth thoracic vertebra (T9), 1.5 B-cun lateral to the posterior median line.",筋縮(GV8)과 魂門(BL47) 사이의 중점에서 취혈한다.,"- 直刺 0.3～0.5寸

- 斜刺 0.5～1寸 (척추를 향해 30°上方이나 斜下方으로)

- 橫刺하여 위에서 아래로 筋層을 뚫고 1～2寸 透刺",acupoint
BL19,BL,담수,膽兪,족태양방광경,"위쪽 등부위, 열째 등뼈 가시돌기 (spinous process of the 10th thoracic vertebra) 아래모서리와 같은 높이, 뒤정중선(posterior median line)에서 가쪽으로 1.5寸.","In the upper back region, at the same level as the inferior border of the spinous process of the tenth thoracic vertebra (T10), 1.5 B-cun lateral to the posterior median line.",中樞(GV7)와 陽綱(BL48) 사이의 중점에서 취혈한다.,"- 直刺 0.3～0.5寸

- 斜刺 0.3～1寸 (척추를 향해 30°上方이나 斜下方으로)

- 橫刺하여 위에서 아래로 筋層을 뚫고 1～2寸 透刺",acupoint
BL20,BL,비수,脾兪,족태양방광경,"위쪽 등부위, 열한째 등뼈 가시돌기 (spinous process of the 11th thoracic vertebra) 아래모서리와 같은 높이, 뒤 정중선(posterior median line)에서 가쪽으로 1.5寸.","In the upper back region, at the same level as the inferior border of the spinous process of the 11th thoracic vertebra (T11), 1.5 B-cun lateral to the posterior median line.",脊中(GV6)과 意舍(BL49) 사이의 중점에서 취혈한다.,"- 直刺 0.3～0.5寸

- 斜刺 0.5～1寸 (척추를 향해 30°上方이나 斜下方으로)

- 橫刺하여 위에서 아래로 筋層을 뚫고 1～2寸 透刺",acupoint
BL21,BL,위수,胃兪,족태양방광경,"위쪽 등부위, 열두째 등뼈 가시돌기 (spinous process of the 12th thoracic vertebra) 아래모서리와 같은 높이, 뒤정중선(posterior median line)에서 가쪽으로 1.5寸.","In the upper back region, at the same level as the inferior border of the spinous process of the 12th thoracic vertebra (T12), 1.5 B-cun lateral to the posterior median line.",胃倉(BL50)과 열두째 등뼈 가시돌기 아래모서리 사이의 중점에서 취혈한다.,"- 直刺 0.3～0.5寸

- 斜刺 0.5～1寸 (척추를 향해 30°上方이나 斜下方으로)

- 橫刺하여 위에서 아래로 筋層을 뚫고 1～2寸 透刺",acupoint
BL22,BL,삼초수,三焦兪,족태양방광경,"허리부위, 첫째 허리뼈 가시돌기 (spinous process of the 1st lumbar vertebra) 아래모서리와 같은 높이, 뒤정중선(posterior median line)에서 가쪽으로 1.5寸.","In the lumbar region, at the same level as the inferior border of the spinous process of the first lumbar vertebra (L1), 1.5 B-cun lateral to the posterior median line.",懸樞(GV5)와 肓門(BL51) 사이의 중점에서 취혈한다.,"- 直刺 0.3～0.5寸

- 斜刺 0.5～1寸 (척추를 향해 30°上方이나 斜下方으로)

- 橫刺하여 위에서 아래로 筋層을 뚫고 1～2寸 透刺",acupoint
BL23,BL,신수,腎兪,족태양방광경,"허리부위, 둘째 허리뼈 가시돌기 (spinous process of the 2nd lumbar vertebra) 아래모서리와 같은 높이, 뒤정중선(posterior median line)에서 가쪽으로 1.5寸.","In the lumbar region, at the same level as the inferior border of the spinous process of the second lumbar vertebra (L2), 1.5 B-cun lateral to the posterior median line.",命門(GV4)과 志室(BL52) 사이의 중점에서 취혈한다.,"- 直刺 0.3～1寸

- 斜刺 0.5～1寸 (척추를 향해 30°上方이나 斜下方으로)

- 橫刺하여 위에서 아래로 筋層을 뚫고 1～2寸 透刺",acupoint
BL24,BL,기해수,氣海兪,족태양방광경,"허리부위, 셋째 허리뼈 가시돌기 (spinous process of the 3rd lumbar vertebra) 아래모서리와 같은 높이, 뒤정중선(posterior median line)에서 가쪽으로 1.5寸.","In the lumbar region, at the same level as the inferior border of the spinous process of the third lumbar vertebra (L3), 1.5 B-cun lateral to the posterior median line.",,"- 直刺 0.3～0.5寸

- 斜刺 0.5～1寸 (척추를 향해 30°上方이나 斜下方으로)",acupoint
BL25,BL,대장수,大腸兪,족태양방광경,"허리부위, 넷째 허리뼈 가시돌기 (spinous process of the 4th lumbar vertebra) 아래모서리와 같은 높이, 뒤정중선(posterior median line)에서 가쪽으로 1.5寸.","In the lumbar region, at the same level as the inferior border of the spinous process of the fourth lumbar vertebra (L4), 1.5 B-cun lateral to the posterior median line.",,"- 直刺 0.5～1寸

- 1～2寸 (坐骨神經痛 치료시는 약간 外斜方으로)

- 薦腸關節炎에는 鍼尖을 下向하여 小腸兪(BL27)로 透刺",acupoint
BL26,BL,관원수,關元兪,족태양방광경,"허리부위, 다섯째 허리뼈 가시돌기 (spinous process of the 5th lumbar vertebra) 아래모서리와 같은 높이, 뒤정중선(posterior median line)에서 가쪽으로 1.5寸.","In the lumbar region, at the same level as the inferior border of the spinous process of the fifth lumbar vertebra (L5), 1.5 B-cun lateral to the posterior median line.",,"- 直刺 0.5～1寸

- 斜刺 1～2寸",acupoint
BL27,BL,소장수,小腸兪,족태양방광경,"엉치부위, 첫째 뒤엉치뼈구멍(the 1st posterior sacral foramen)과 같은 높이, 정중엉치뼈능선(median sacral crest)에서 가쪽으로 1.5寸.","In the sacral region, at the same level as the first posterior sacral foramen, and 1.5 B-cun lateral to the median sacral crest.
Note: At the same level as BL31.",,"- 直刺 0.5～1寸

- 斜刺 1～1.5寸 (薦腸關節尖이나 여자 생식기질환 치료시는 1～2寸)",acupoint
BL28,BL,방광수,膀胱兪,족태양방광경,"엉치부위, 둘째 뒤엉치뼈구멍(the 2nd posterior sacral foramen)과 같은 높이, 정중엉치뼈능선(median sacral crest)에서 가쪽으로 1.5寸.","In the sacral region, at the same level as the second posterior sacral foramen, and 1.5 B-cun lateral to the median sacral crest.
Note: At the same level as BL32.",,"- 直刺 0.5～1寸

- 斜刺 1～1.5寸",acupoint
BL29,BL,중려수,中膂兪,족태양방광경,"엉치부위, 셋째 뒤엉치뼈구멍(the 3rd posterior sacral foramen)과 같은 높이, 정중엉치뼈능선(median sacral crest)에서 가쪽으로 1.5寸.","In the sacral region, at the same level as the third posterior sacral foramen, 1.5 B-cun lateral to the median sacral crest.
Note: At the same level as BL33.",,"- 直刺 0.5～1寸

- 斜刺 0.7～1寸",acupoint
BL30,BL,백환수,白環兪,족태양방광경,"엉치부위, 넷째 뒤엉치뼈구멍(the 4th posterior sacral foramen)과 같은 높이, 정중엉치뼈능선(median sacral crest)에서 가쪽으로 1.5寸.","In the sacral region, at the same level as the fourth posterior sacral foramen, 1.5 B-cun lateral to the median sacral crest.
Note: 1.5 B-cun lateral to the sacral hiatus, at the same level as BL34.",,"- 直刺 0.5～1寸

- 斜刺 0.7～1寸",acupoint
BL31,BL,상료,上髎,족태양방광경,"엉치부위, 첫째 뒤엉치뼈구멍(the 1st posterior sacral foramen).","In the sacral region, in the first posterior sacral foramen.",첫째 뒤엉치뼈구멍은 손가락을 次髎(BL32)에서부터 위쪽으로 움직이면서 찾으면 오목하게 만져진다.,- 直刺 0.5～1.2寸 (刺入仙骨後孔內),acupoint
BL32,BL,차료,次髎,족태양방광경,"엉치부위, 둘째 뒤엉치뼈구멍(the 2nd posterior sacral foramen).","In the sacral region, in the second posterior sacral foramen.","둘째 뒤엉치뼈구멍은 위뒤엉덩뼈가시(posterior superior iliac spine)와 둘째 엉치뼈 가시돌기(spinous process of the 2nd sacral vertebra)를 연결하는 선의 중점, 오목한 곳에서 촉지된다.",- 直刺 0.5～1寸 (刺入仙骨後孔內),acupoint
BL33,BL,중료,中髎,족태양방광경,"엉치부위, 셋째 뒤엉치뼈구멍(the 3rd posterior sacral foramen).","In the sacral region, in the third posterior sacral foramen.",셋째 뒤엉치뼈구멍은 손가락을 次髎(BL32)에서부터 아래쪽으로 움직이면서 찾으면 처음으로 촉지되는 오목한 곳이다.,- 直刺 0.5～1寸 (刺入仙骨後孔內),acupoint
BL34,BL,하료,下髎,족태양방광경,"엉치부위, 넷째 뒤엉치뼈구멍(the 4th posterior sacral foramen).","In the sacral region, in the fourth posterior sacral foramen.","넷째 뒤엉치뼈구멍은 손가락을 次髎(BL32)에서부터 아래쪽으로 움직이면서 찾으면 두 번째로 만져지는 오목한 곳으로, 엉치뼈틈새(sacral hiatus)와 같은 높이에 위치한다.",- 直刺 0.5～1寸 (刺入仙骨後孔內),acupoint
BL35,BL,회양,會陽,족태양방광경,"엉덩이부위, 꼬리뼈끝(extremity of the coccyx)에서 가쪽으로 0.5寸.","In the buttock region, 0.5 B-cun lateral to the extremity of the coccyx.",엎드린 자세나 무릎을 가슴에 댄 자세를 한다. 꼬리뼈끝에서 가쪽으로 약간 오목한 곳에서 취혈한다.,- 直刺 0.3～0.8寸,acupoint
BL36,BL,승부,承扶,족태양방광경,"엉덩이부위, 엉덩이 주름(gluteal fold)의 중점.","In the buttock region, at the midpoint of the gluteal fold.",,- 直刺 0.5～1.5寸,acupoint
BL37,BL,은문,殷門,족태양방광경,"넓적다리 뒤쪽면, 넙다리두갈래근(biceps femoris muscle)과 반힘줄모양근(semitendinosus muscle)의 사이,
엉덩이주름(gluteal fold)에서 아래쪽으로 6寸.","On the posterior aspect of the thigh, between the biceps femoris and the semitendinosus muscles, 6 B-cun inferior to the gluteal fold.",承扶(BL36)와 委中(BL40)을 연결하는 선의 중점에서 위쪽으로 1寸 지점에서 취혈한다.,"- 直刺 0.5～1.5寸

- 斜刺 1～2寸",acupoint
BL38,BL,부극,浮郄,족태양방광경,"무릎 뒤쪽면, 넙다리두갈래근힘줄(biceps femoris tendon)의 안쪽모서리 바로 안쪽, 오금주름(popliteal crease)에서 위쪽으로 1寸.","On the posterior aspect of the knee, just medial to the biceps femoris tendon, 1 B-cun proximal to the popliteal crease.","무릎을 살짝 굽혔을 때, 넙다리두갈래근힘줄의 안쪽, 委陽(BL39)에서 몸쪽으로 1寸에서 취혈한다.","- 直刺 0.5～1寸

- 斜刺 1～2寸",acupoint
BL39,BL,위양,委陽,족태양방광경,"무릎 뒤가쪽면, 오금주름(popliteal crease) 위에 있으며, 무릎을 살짝 굽혔을 때 현저하게 드러나는 넙다리두갈래근힘줄(biceps femoris tendon)의 안쪽모서리 바로 안쪽에서 취혈함.","On the posterolateral aspect of the knee, just medial to the biceps femoris tendon in the popliteal crease.
Note: The biceps femoris tendon is more prominent when the knee is slightly flexed.",,"- 直刺 0.3～1寸

- 斜刺 1～2寸",acupoint
BL40,BL,위중,委中,족태양방광경,"무릎 뒤쪽면, 오금주름(popliteal crease)의 가운데 위치하며, 넙다리두갈래근힘줄(biceps femoris tendon)과 반힘줄모양근힘줄(semitendinosus tendon) 사이의 오금주름 중점에서 취혈한다.","On the posterior aspect of the knee, at the midpoint of the popliteal crease.",,"- 直刺 0.6～1.5寸

- 急性腰部 捻挫時에는 三稜鍼으로 點刺出血",acupoint
BL41,BL,부분,附分,족태양방광경,"위쪽 등부위, 둘째 등뼈 가시돌기(spinous process of the 2nd thoracic vertebra) 아래모서리와 같은 높이, 뒤정중선(posterior median line)에서 가쪽으로 3寸.","In the upper back region, at the same level as the inferior border of the spinous process of the second thoracic vertebra (T2), 3 B-cun lateral to the posterior median line.
Note: BL41 and BL12 are located at the same level as the inferior border of the spinous process of the second thoracic vertebra (T2).",,"- 直刺 0.3～0.5寸

- 斜刺 0.5～0.8寸 (下斜方)",acupoint
BL42,BL,백호,魄戶,족태양방광경,"위쪽 등부위, 셋째 등뼈 가시돌기 (spinous process of the 3rd thoracic vertebra) 아래모서리와 같은 높이, 뒤정중선(posterior median line)에서 가쪽으로 3寸.","In the upper back region, at the same level as the inferior border of the spinous process of the third thoracic vertebra (T3), 3 B-cun lateral to the posterior median line.
Note: BL42, BL13 and GV12 are located at the same level as the inferior border of the third thoracic vertebra (T3).",,"- 直刺 0.3～0.5寸

- 斜刺 0.5～1寸 (下斜方)",acupoint
BL43,BL,고황,膏肓,족태양방광경,"위쪽 등부위, 넷째 등뼈 가시돌기 (spinous process of the 4th thoracic vertebra) 아래모서리와 같은 높이, 뒤정중선(posterior median line)에서 가쪽으로 3寸.","In the upper back region, at the same level as the inferior border of the spinous process of the fourth thoracic vertebra (T4), 3 B-cun lateral to the posterior median line.
Note: BL43 and BL14 are located at the same level as the inferior border of the spinous process of the fourth thoracic vertebra (T4).",,"- 直刺 0.3～0.5寸

- 斜刺 0.3～0.8寸 (背側에서 前外傍을 향하거나 肩胛骨下를 향해 자입)

- 不宜深刺",acupoint
BL44,BL,신당,神堂,족태양방광경,"위쪽 등부위, 다섯째 등뼈 가시돌기 (spinous process of the 5th thoracic vertebra) 아래모서리와 같은 높이, 뒤정중선(posterior median line)에서 가쪽으로 3寸.","In the upper back region, at the same level as the inferior border of the spinous process of the fifth thoracic vertebra (T5), 3 B-cun lateral to the posterior median line.
Note: BL44, BL15 and GV11 are located at the same level as the inferior border of the spinous process of the fifth thoracic vertebra (T5).",,"- 直刺 0.3～0.5寸

- 斜刺 0.5～0.8寸 (向外斜刺)",acupoint
BL45,BL,의희,譩譆,족태양방광경,"위쪽 등부위, 여섯째 등뼈 가시돌기 (spinous process of the 6th thoracic vertebra) 아래모서리와 같은 높이, 뒤정중선(posterior median line)에서 가쪽으로 3寸.","In the upper back region, at the same level as the inferior border of the spinous process of the sixth thoracic vertebra (T6), 3 B-cun lateral to the posterior median line.
Note: BL45, BL16 and GV10 are located at the same level as the inferior border of the spinous process of the sixth thoracic vertebra (T6).",,"- 直刺 0.3～0.5寸

- 斜刺 0.5～1寸 (向外斜刺)",acupoint
BL46,BL,격관,膈關,족태양방광경,"위쪽 등부위, 일곱째 등뼈 가시돌기(spinous process of the 7th thoracic vertebra) 아래모서리와 같은 높이, 뒤정중선(posterior median line)에서 가쪽으로 3寸.","In the upper back region, at the same level as the inferior border of the spinous process of the seventh thoracic vertebra (T7), 3 B-cun lateral to the posterior median line.
Note: BL 46, BL17 and GV9 are located at the same level as the inferior border of the spinous process of the seventh thoracic vertebra (T7).",,"- 直刺 0.3～0.5寸

- 斜刺 0.5～0.8寸 (向下斜刺)",acupoint
BL47,BL,혼문,魂門,족태양방광경,"위쪽 등부위, 아홉째 등뼈 가시돌기 (spinous process of the 9th thoracic vertebra) 아래모서리와 같은 높이, 뒤
정중선(posterior median line)에서 가쪽으로 3寸.","In the upper back region, at the same level as the inferior border of the spinous process of the ninth thoracic vertebra (T9), 3 B-cun lateral to the posterior median line.
Note: BL47, BL18 and GV8 are located at the same level as the inferior border of the spinous process of the ninth thoracic vertebra (T9).",,"- 直刺 0.3～0.5寸

- 斜刺 0.5～1寸 (向下斜刺)",acupoint
BL48,BL,양강,陽綱,족태양방광경,"위쪽 등부위, 열째 등뼈 가시돌기 (spinous process of the 10th thoracic vertebra) 아래모서리와 같은 높이, 뒤정중선(posterior median line)에서 가쪽으로 3寸.","In the upper back region, at the same level as the inferior border of the spinous process of the tenth thoracic vertebra (T10), 3 B-cun lateral to the posterior median line.
Note: BL48, BL19 and GV7 are located at the same level as the inferior border of the spinous process of the tenth thoracic vertebra (T10).",,"- 直刺 0.3～0.5寸

- 斜刺 0.5～1寸 (向下斜刺)",acupoint
BL49,BL,의사,意舍,족태양방광경,"위쪽 등부위, 열한째 등뼈 가시돌기 (spinous process of the 11th thoracic vertebra) 아래모서리와 같은 높이, 뒤
정중선(posterior median line)에서 가쪽으로 3寸.","In the upper back region, at the same level as the inferior border of the spinous process of the 11th thoracic vertebra (T11), 3 B-cun lateral to the posterior median line.
Note: BL49, BL20 and GV6 are located at the same level as the inferior border of the spinous process of the 11th thoracic vertebra (T11).",,"- 直刺 0.3～0.5寸

- 斜刺 0.5～1寸 (向下斜刺)",acupoint
BL50,BL,위창,胃倉,족태양방광경,"위쪽 등부위, 열두째 등뼈 가시돌기 (spinous process of the 12th thoracic vertebra) 아래모서리와 같은 높이, 뒤
정중선(posterior median line)에서 가쪽으로 3寸.","In the upper back region, at the same level as the inferior border of the spinous process of the 12th thoracic vertebra (T12), 3 B-cun lateral to the posterior median line.
Note: BL50 and BL21 are located at the same level as the inferior border of the spinous process of the 12th thoracic vertebra (T12).",,"- 直刺 0.3～0.6寸

- 斜刺 0.5～1寸 (向下斜刺)",acupoint
BL51,BL,황문,肓門,족태양방광경,"허리부위, 첫째 허리뼈 가시돌기 (spinous process of the 1st lumbar vertebra) 아래모서리와 같은 높이, 뒤정중선(posterior median line)에서 가쪽으로 3寸.","In the lumbar region, at the same level as the inferior border of the spinous process of the first lumbar vertebra (L1), 3 B-cun lateral to the posterior median line.
Note: BL51, BL22 and GV5 are located at the same level as the inferior border of the spinous process of the first lumbar vertebra (L1).",,"- 直刺 0.3～0.6寸

- 斜刺 1～1.5寸

- 內部에 腎臟이 있으므로 禁深刺",acupoint
BL52,BL,지실,志室,족태양방광경,"허리부위, 둘째 허리뼈 가시돌기 (spinous process of the 2nd lumbar vertebra) 아래모서리와 같은 높이, 뒤정중선(posterior median line)에서 가쪽으로 3寸.","In the lumbar region, at the same level as the inferior border of the spinous process of the second lumbar vertebra (L2), 3 B-cun lateral to the posterior median line.
Note: BL52, BL23 and GV4 are located at the same level as the inferior border of the spinous process of the second lumbar vertebra (L2).",,"- 直刺 0.5～1寸 (禁深刺)

- 斜刺 1～2寸",acupoint
BL53,BL,포황,胞肓,족태양방광경,"엉덩이부위, 둘째 뒤엉치뼈구멍(the 2nd posterior sacral foramen)과 같은 높이, 정중엉치뼈능선(median sacral crest)에서 가쪽으로 3寸.","In the buttock region, at the same level as the second posterior sacral foramen, 3 B-cun lateral to the median sacral crest.
Note: BL53, BL28 and BL32 are located at the same level as the second posterior sacral foramen.",,"- 直刺 0.5～1.5寸

- 斜刺 1～2寸",acupoint
BL54,BL,질변,秩邊,족태양방광경,"엉덩이부위, 넷째 뒤엉치뼈구멍(the 4th posterior sacral foramen)과 같은 높이, 뒤정중선(posterior median line)에서 가쪽으로 3寸.","In the buttock region, at the same level as the fourth posterior sacral foramen, 3 B-cun lateral to the median sacral crest.","엎드린 자세에서, 엉치뼈틈새(sacral hiatus)에서 가쪽으로 3寸에서 취혈한다.","- 直刺 0.5～1.5寸

- 斜刺 2～3寸

- 생식기질환 치료시는 내측을 향해 45°의 각도로 2～3寸 刺入

- 肛門疾患 치료시는 內下方으로 약 45°의 각도로 2～3寸 刺入",acupoint
BL55,BL,합양,合陽,족태양방광경,"종아리 뒤쪽면, 장딴지근(gastrocnemius muscle) 가쪽갈래와 안쪽갈래의 사이에 위치하며, 오금주름(popliteal crease)에서 먼 쪽으로 2寸에 위치함.","On the posterior aspect of the leg, between the lateral head and medial head of the gastrocnemius muscle, 2 B-cun distal to the popliteal crease.","오금주름의 가쪽 끝과 가쪽 복사융기를 이은 선을 (또는 오금주름 중점과 委中(BL40)과 아킬레스건 중점을 연결하는 선을) 16촌으로 하여, 委中(BL40)에서 먼 쪽으로 2寸 부위에 취혈한다.","- 0.5～1寸 直刺 

- 斜刺 1～2寸",acupoint
BL56,BL,승근,承筋,족태양방광경,"종아리 뒤쪽면, 장딴지근(gastrocnemius muscle) 가쪽갈래와 안쪽갈래의 사이에 위치하며, 오금주름(popliteal crease)에서 먼 쪽으로 5寸에 위치함.","On the posterior aspect of the leg, between the two muscle bellies of the gastrocnemius muscle, 5 B-cun distal to the popliteal crease.
Note: Midway between BL55 and BL57.","오금주름의 가쪽 끝과 가쪽 복사 융기를 이은 선을 (또는 오금주름 중점, 委中(BL40)과 발꿈치힘줄의 중점을 연결하는 선을) 16촌으로 하여, 委中(BL40)에서 먼 쪽으로 5寸 부위(장딴지근 힘살의 중앙)에 취혈한다.","- 0.3～1寸 直刺

-「鍼灸大成」에는 禁鍼으로 되어있으니 신중히 자침.",acupoint
BL57,BL,승산,承山,족태양방광경,"종아리 뒤쪽면, 장딴지근(gastrocnemius muscle)의 두 힘살들과 종아리 뒤쪽면, 장딴지근(gastrocnemius muscle) 가쪽갈래와 안쪽갈래 두 힘살들과 발꿈치힘줄(calcaneal tendon)이 연결되는 오목한 곳에 위치하며, 오금주름(popliteal crease)의 委中(BL40)과 발꿈치힘줄의 중점을 연결하는 선을 16촌으로 하여, 위중에서 먼 쪽으로 8寸 부위에 위치함.","On the posterior aspect of the leg, at the connecting point of the calcaneal tendon with the two muscle bellies of the gastrocnemius muscle.","종아리를 쭉 펴거나 발꿈치를 위로 들 때, 장딴지근의 힘살 아래에 나타나는 예리한 각도의 오목한 곳, 즉 장딴지근의 안쪽 갈래와 가쪽 갈래가 “人”자 모양으로 갈라지는 곳에서 취혈한다.","- 0.5～1.5寸 直刺

- 斜刺 1～2寸",acupoint
BL58,BL,비양,飛揚,족태양방광경,"종아리 뒤가쪽면, 장딴지근(gastrocnemius m.) 가쪽갈래의 아래모서리와 발꿈치힘줄(calcaneal tendon)의 사이로서, 承山(BL57)에서 가먼쪽 1寸 부위에 해당됨.","On the posterolateral aspect of the leg, between the inferior border of the lateral head of the gastrocnemius muscle and the calcaneal tendon, at the same level as 7 B-cun proximal to BL60.","오금주름 가쪽 끝과 곤륜崑崙을 16촌으로 정할 때, 崑崙(BL60)에서 몸 쪽으로 7寸 부위에 취혈한다.","- 0.5～1.2寸 直刺

- 斜刺 1～2寸",acupoint
BL59,BL,부양,跗陽,족태양방광경,"종아리 뒤가쪽면, 종아리뼈(fibula)와 발꿈치힘줄(calcaneal tendon)의 사이에 있으며, 오금주름 가쪽 끝과 곤륜 사이를 16촌으로 정할 때, 崑崙(BL60)에서 몸 쪽으로 3寸 부위에 취혈한다.","On the posterolateral aspect of the leg, between the fibula and the calcaneal tendon, at the same level as 3 B-cun proximal to BL60.",,"- 0.3～1寸 直刺

- 斜刺 1～2寸",acupoint
BL60,BL,곤륜,崑崙,족태양방광경,"발목 뒤가쪽면, 가쪽복사 융기(prominence of the lateral malleolus)와 발꿈치힘줄(calcaneal tendon) 사이의 오목한 곳에 해당됨.","On the posterolateral aspect of the ankle, in the depression between the prominence of the lateral malleolus and the calcaneal tendon.",발의 가쪽복사뼈 꼭대기에서 발꿈치힘줄까지 수평하게 그은 연결선 중점에서 취혈한다.,"- 0.3～0.5寸 直刺

- 下肢麻痺 치료시 鍼尖을 太谿(KI3)를 향해 1～1.5寸 透刺

- 임신부에는 자침을 금하는 자리이니 신중을 기해야 함.",acupoint
BL61,BL,복삼,僕,족태양방광경,"발 가쪽면, 발꿈치뼈(calcaneus)의 가쪽으로, 崑崙(BL60)에서 먼 쪽, 赤白肉際에 취혈함.","On the lateral aspect of the foot, distal to BL60, lateral to the calcaneus, at the border between the red and white flesh.",,- 0.3～0.5寸 直刺 혹은 斜刺를 함.,acupoint
BL62,BL,신맥,申脈,족태양방광경,"발 가쪽면, 가쪽복사 융기(prominence of the lateral malleolus)에서 수직으로 아래쪽, 가쪽복사의 아래모서리와 발꿈치뼈(calcaneus) 사이의 오목한 곳.
※주 : 申脈(BL62)에 상응하는 안쪽의 經穴은 照海(KI6)다.","On the lateral aspect of the foot, directly inferior to the prominence of the lateral malleolus, in the depression between the inferior border of the lateral malleolus and the calcaneus.
Note: The corresponding medial acupuncture point to BL 62 is KI6.",가쪽복사 아래모서리의 먼쪽 오목한 곳에서 취혈한다.,"- 直刺 0.2～0.4寸

- 斜刺 0.3～0.5寸 (鍼尖을 下向하여 刺入)",acupoint
BL63,BL,금문,門,족태양방광경,"발등, 가쪽복사(lateral malleolus) 앞모서리에서 먼 쪽, 다섯째 발허리뼈거친면(tuberosity of the 5th metatarsal bone) 뒤쪽, 입방뼈(cuboid bone) 아래쪽의 오목한 곳.","On the dorsum of the foot, distal to the anterior border of the lateral malleolus, posterior to the tuberosity of the fifth metatarsal bone, in the depression inferior to the cuboid bone.",다섯째 발허리뼈거친면은 대개 발꿈치(heel)와 다섯째 발허리발가락관절(the 5th metatarsophalangeal joint)을 연결하는 선 중간에 위치한다.,"- 直刺 0.3～0.5寸

- 斜刺 0.5～0.7寸",acupoint
BL64,BL,경골,京骨,족태양방광경,"발 가쪽면, 다섯째 발허리뼈거친면(tuberosity of the 5th metatarsal bone) 먼 쪽, 赤白肉際.","On the lateral aspect of the foot, distal to the tuberosity of the fifth metatarsal bone, at the border between the red and white flesh.",다섯째 발허리뼈거친면은 대개 발꿈치(heel)와 다섯째 발허리발가락관절(the 5th metatarsophalangeal joint)을 연결하는 선 중간에 위치한다.,"- 直刺 0.3～0.5寸

- 斜刺 0.3～0.5寸 (向內下方)",acupoint
BL65,BL,속골,束骨,족태양방광경,"발 가쪽면, 다섯째 발허리발가락관절(the 5th metatarsophalangeal joint) 몸 쪽 오목한 곳, 赤白肉際.","On the lateral aspect of the foot, in the depression proximal to the fifth metatarsophalangeal joint, at the border between the red and white flesh.",,"- 直刺 0.2～0.3寸

- 斜刺 0.3～0.5寸",acupoint
BL66,BL,족통곡,足通谷,족태양방광경,"새끼발가락, 다섯째 발허리발가락관절(the 5th metatarsophalangeal joint) 가먼쪽(distal and lateral) 오목한 곳, 赤白肉際.","On the little toe, in the depression distal and lateral to the fifth metatarsophalangeal joint, at the border between the red and white flesh.",,"- 直刺 0.2～0.3寸

- 斜刺 0.3～0.5寸",acupoint
BL67,BL,지음,至陰,족태양방광경,"새끼발가락, 끝마디뼈(distal phalanx)의 가쪽, 새끼발톱 가쪽 뿌리각(lateral corner of the toenail)에서 몸 쪽으로 0.1寸.","On the little toe, lateral to the distal phalanx, 0.1 F-cun proximal to the lateral corner of the toenail.",새끼발톱의 가쪽모서리를 지나는 수직선과 발톱뿌리를 지나는 수평선이 만나는 지점에서 취혈한다.,"- 直刺 0.1～0.2寸

- 斜刺 0.2～0.3寸",acupoint
KI1,KI,용천,湧泉,족소음신경,"발바닥 부위로서, 발가락을 굽혔을 때, 발바닥의 가장 오목한 곳에 해당됨.","On the sole of the foot, in the deepest depression of the sole when the toes are flexed.","발가락을 굽혔을 때, 둘째와 셋째 발가락 (the 2nd and 3rd toes) 사이의 발샅 가장자리(web margin)와 발꿈치(heel)를 연결하는 선을 3등분 했을 때, 앞쪽 1/3지점의 오목한 곳에서 취혈한다.",- 0.3～0.5寸 直刺,acupoint
KI2,KI,연곡,然谷,족소음신경,"발 안쪽면, 발배뼈거친면(tuberosity of the navicular bone) 아래쪽, 赤白肉際에 해당됨.","On the medial aspect of the foot, inferior to the tuberosity of the navicular bone, at the border between the red and white flesh.","발안쪽복사의 앞아래 부위, 발배뼈 아래 오목한 곳에서 취혈한다.","- 0.3～0.5寸 直刺

- 斜刺 0.5～1寸",acupoint
KI3,KI,태계,太谿,족소음신경,"발목 뒤안쪽면으로, 안쪽복사 융기(prominence of the medial malleolus)와 발꿈치힘줄(calcaneal tendon) 사이의 오목한 곳에 취혈함.","On the posteromedial aspect of the ankle, in the depression between the prominence of the medial malleolus and the calcaneal tendon.",,"- 0.3～0.5寸 直刺

- 斜刺 0.5～1寸",acupoint
KI4,KI,대종,大鐘,족소음신경,"발 안쪽면에서, 안쪽 복사(medial malleolus)아래 뒤쪽, 발꿈치뼈(calcaneus)위쪽에 해당되며, 발꿈치힘줄(calcaneal tendon)안쪽 부착부의 앞쪽 오목한 곳에 취혈함.","On the medial aspect of the foot, posteroinferior to the medial malleolus, superior to the calcaneus, in the depression anterior to the medial attachment of the calcaneal tendon.",,"- 0.2～0.3寸 直刺

- 斜刺 0.3～0.5寸",acupoint
KI5,KI,수천,水泉,족소음신경,"발 안쪽면으로, 太谿(KI3)에서 지면까지 3촌으로 정했을 때, 태계 아래쪽으로 1寸 부위, 발꿈치뼈융기(calcaneal tuberosity)앞쪽 오목한 곳에 취혈함.","On the medial aspect of the foot, 1 B-cun interior to KI3, in the depression anterior to the calcaneal tuberosity.",,"- 0.1～0.3寸 直刺

- 斜刺 0.3～0.5寸",acupoint
KI6,KI,조해,照海,족소음신경,"발 안쪽면에 있으며, 안쪽복사 융기(prominence of the medial malleolus)에서 아래쪽으로 1寸, 안쪽복사 바로 아래 오목한 곳에 취혈함.","On the medial aspect of the foot, 1 B-cun inferior to the prominence of the medial malleolus, in the depression inferior to the medial malleolus.
Note: The corresponding lateral point to KI6 is BL62.",,"- 0.3～0.5寸 直刺

- 斜刺 0.5～1寸",acupoint
KI7,KI,부류,復溜,족소음신경,"종아리 뒤 안쪽면, 발꿈치힘줄(calcaneal tendon)의 앞쪽이며, 태계에서 위쪽으로 2寸 부위에 해당됨.","On the posteromedial aspect of the leg, anterior to the calcaneal tendon, 2 B-cun superior to the prominence of the medial malleolus.","太谿(KI3)에서 음릉천과 연결한 선을 13촌으로 했을 때, 태계 바로 위쪽 2촌 부위이며, 交信(KI8)에서 0.5촌 뒤쪽에 취혈한다.","- 0.3～0.5寸 直刺

- 斜刺 1～1.5寸",acupoint
KI8,KI,교신,交信,족소음신경,"종아리 안쪽면, 정강뼈 안쪽모서리(medial border of the tibia)의 뒤쪽, 안쪽복사 융기(prominence of the medial malleolus) 와 음릉천을 연결한 선을 13촌으로 정하여 위쪽으로 2寸 오목한 곳에 해당됨.","On the medial aspect of the leg, in the depression posterior to the medial border of the tibia, 2 B-cun superior to the prominence of the medial malleolus.","안쪽복사 융기(prominence of the medial malleolus) 위쪽 2촌 부위이며, 復溜(KI7)의 앞쪽 0.5寸 부위에 취혈한다.","- 0.3～0.5寸 直刺 

- 斜刺 0.5～1寸",acupoint
KI9,KI,축빈,築賓,족소음신경,"종아리 뒤안쪽면, 가자미근(soleus muscle)과 발꿈치힘줄(calcaneal tendon)사이로서, 안쪽복사 융기(prominence of the medial malleolus) 위쪽으로 5寸 높이에 해당됨.","On the posteromedial aspect of the leg, between the soleus muscle and the calcaneal tendon, 5 B-cun superior to the prominence of the medial malleolus.","무릎을 굽히고, 발바닥쪽으로 발을 굽힌채 종아리를 뻗으면, 정강뼈 안쪽모서리(medial border of the tibia)를 따라 가자미근이 현저하게 드러나는 곳이며, 太谿(KI3)와 음릉천을 연결하는 선을 13촌으로 하여 태계 위 5촌 부위, 족궐음간경 蠡溝(LR5)와 같은 높이에서 취혈한다.","- 0.3～0.8寸 直刺

- 斜刺 1～2寸",acupoint
KI10,KI,음곡,陰谷,족소음신경,"무릎 뒤안쪽면, 오금주름 위로서, 반힘줄모양근힘줄과 반막모양근힘줄(semimembranosus tendon)의 사이에서 취혈한다.","On the posteromedial aspect of the knee, just lateral to the semitendinosus tendon, in the popliteal crease.",,"- 0.5～1寸 直刺

- 斜刺 1～2寸",acupoint
KI11,KI,횡골,橫骨,족소음신경,"아랫배, 배꼽(umbilicus) 중심에서 아래 쪽으로 5寸, 앞정중선(anterior median line)에서 가쪽으로 0.5寸.","On the lower abdomen, 5 B-cun inferior to the centre of the umbilicus, 0.5 B-cun lateral to the anterior median line.",曲骨(CV2)에서 가쪽으로 0.5寸에서 취혈한다.,"- 直刺 0.5～0.8寸

- 斜刺 0.5～1寸",acupoint
KI12,KI,대혁,大赫,족소음신경,"아랫배, 배꼽(umbilicus) 중심에서 아래쪽으로 4寸, 앞정중선(anterior median line)에서 가쪽으로 0.5寸.","On the lower abdomen, 4 B-cun inferior to the centre of the umbilicus, 0.5 B-cun lateral to the anterior median line.",中極(CV3)에서 가쪽으로 0.5寸에서 취혈한다.,"- 直刺 0.5～0.8寸

- 斜刺 0.5～1寸",acupoint
KI13,KI,기혈,氣穴,족소음신경,"아랫배, 배꼽(umbilicus) 중심에서 아래 쪽으로 3寸, 앞정중선(anterior median line)에서 가쪽으로 0.5寸.","On the lower abdomen, 3 B-cun inferior to the center of the umbilicus, 0.5 B-cun lateral to the anterior median line.",關元(CV4)에서 가쪽으로 0.5寸에서 취혈한다.,"- 直刺 0.5～1寸

- 斜刺 0.5～1寸",acupoint
KI14,KI,사만,四滿,족소음신경,"아랫배, 배꼽(umbilicus) 중심에서 아래 쪽으로 2寸, 앞정중선(anterior median line)에서 가쪽으로 0.5寸.","On the lower abdomen, 2 B-cun inferior to the center of the umbilicus, 0.5 B-cun lateral to the anterior median line.",石門(CV5)에서 가쪽으로 0.5寸에서 취혈한다.,"- 直刺 0.5～1寸

- 斜刺 0.5～1寸",acupoint
KI15,KI,중주,中注,족소음신경,"아랫배, 배꼽(umbilicus) 중심에서 아래 쪽으로 1寸, 앞정중선(anterior median line)에서 가쪽으로 0.5寸.","On the lower abdomen, 1 B-cun inferior to the center of the umbilicus, 0.5 B-cun lateral to the anterior median line.",陰交(CV7)에서 가쪽으로 0.5寸에서 취혈한다.,"- 直刺 0.5～1寸

- 斜刺 0.5～1寸",acupoint
KI16,KI,황수,肓兪,족소음신경,"윗배, 배꼽(umbilicus)의 중심에서 가쪽으로 0.5寸.","On the upper abdomen, 0.5 B-cun lateral to the center of the umbilicus.",神闕(CV8) 가쪽 0.5寸에서 취혈한다.,"- 直刺 0.5～1寸

- 斜刺 0.5～1寸",acupoint
KI17,KI,상곡,商曲,족소음신경,"윗배, 배꼽(umbilicus)의 중심에서 위로 2寸, 앞정중선(anterior median line)에서 가쪽으로 0.5寸.","On the upper abdomen, 2 B-cun superior to the center of the umbilicus, 0.5 B-cun lateral to the anterior median line.",下脘(CV10) 가쪽 0.5寸에서 취혈한다.,"- 直刺 0.5～1寸

- 斜刺 0.5～1寸",acupoint
KI18,KI,석관,石關,족소음신경,"윗배, 배꼽(umbilicus)의 중심에서 위쪽으로 3寸, 앞정중선(anterior median line)에서 가쪽으로 0.5寸.","On the upper abdomen, 3 B-cun superior to the center of the umbilicus, 0.5 B-cun lateral to the anterior median line.",建里(CV11) 가쪽 0.5寸에서 취혈한다.,"- 直刺 0.5～1寸

- 斜刺 0.5～1寸",acupoint
KI19,KI,음도,陰都,족소음신경,"윗배, 배꼽(umbilicus) 중심에서 위쪽으로 4寸, 앞정중선(anterior median line)에서 가쪽으로 0.5寸.","On the upper abdomen, 4 B-cun superior to the center of the umbilicus, 0.5 B-cun lateral to the anterior median line.",中脘(CV12) 가쪽 0.5寸에서 취혈한다.,"- 直刺 0.5～1寸

- 斜刺 0.5～1寸",acupoint
KI20,KI,복통곡,腹痛谷,족소음신경,"윗배, 배꼽(umbilicus) 중심에서 위쪽으로 5寸, 앞정중선(anterior median line)에서 가쪽으로 0.5寸.","On the upper abdomen, 5 B-cun superior to the center of the umbilicus, 0.5 B-cun lateral to the anterior median line.",上脘(CV13) 가쪽 0.5寸에서 취혈한다.,"- 直刺 0.3～0.8寸

- 斜刺 0.5～1寸",acupoint
KI21,KI,유문,幽門,족소음신경,"윗배, 배꼽(umbilicus) 중심에서 위쪽으로 6寸, 앞정중선(anterior median line)에서 가쪽으로 0.5寸.","On the upper abdomen, 6 B-cun superior to the center of the umbilicus, 0.5 B-cun lateral to the anterior median line.",巨闕(CV14) 가쪽 0.5寸에서 취혈한다.,"- 直刺 0.3～0.7寸 (禁深刺)

- 斜刺 0.3～0.8寸",acupoint
KI22,KI,보랑,步廊,족소음신경,"앞가슴부위, 다섯째 갈비사이공간(the 5th intercostal space), 앞정중선(anterior median line)에서 가쪽으로 2寸.","In the anterior thoracic region, in the 5th intercostal space, 2 B-cun lateral to the anterior median line.",中庭(CV16)과 乳根(ST18)의 연결선 중점에서 취혈한다.,"- 直刺 0.2～0.3寸

- 斜刺 0.3～0.5寸",acupoint
KI23,KI,신봉,神封,족소음신경,"앞가슴부위, 넷째 갈비사이공간(the 4th intercostal space), 앞정중선(anterior median line)에서 가쪽으로 2寸.","In the anterior thoracic region, in the 4th intercostal space, 2 B-cun lateral to the anterior median line.",남자는 乳頭와 膻中(CV17)의 연결선 중점에서 취혈한다.,"- 直刺 0.2～0.4寸

- 斜刺 0.3～0.5寸",acupoint
KI24,KI,영허,墟,족소음신경,"앞가슴부위, 셋째 갈비사이공간(the 3rd intercostal space), 앞정중선(anterior median line)에서 가쪽으로 2寸.","In the anterior thoracic region, in the 3rd intercostal space, 2 B-cun lateral to the anterior median line.",玉堂(CV18)과 膺窓(ST16)의 연결선 중점에서 취혈한다.,"- 直刺 0.2～0.4寸 (不可深刺)

- 斜刺 0.3～0.5寸",acupoint
KI25,KI,신장,神藏,족소음신경,"앞가슴부위, 둘째 갈비사이공간(the 2nd intercostal space), 앞정중선(anterior median line)에서 가쪽으로 2寸.","In the anterior thoracic region, in the 2nd intercostal space, 2 B-cun lateral to the anterior median line.",紫宮(CV19)과 屋翳(ST15)의 중간 지점에서 취혈한다.,"- 直刺 0.3～0.4寸 (不可深刺)

- 斜刺 0.3～0.5寸",acupoint
KI26,KI,욱중,彧中,족소음신경,"앞가슴부위, 첫째 갈비사이공간(the 1st intercostal space), 앞정중선(anterior median line)에서 가쪽으로 2寸.","In the anterior thoracic region, in the 1st intercostal space, 2 B-cun lateral to the anterior median line.",華蓋(CV20)와 庫房(ST14)의 중간 지점에서 취혈한다.,"- 直刺 0.2～0.4寸 (不可深刺)

- 斜刺 0.3～0.5寸",acupoint
KI27,KI,수부,兪府,족소음신경,"앞가슴부위, 빗장뼈(clavicle) 바로 아래쪽, 앞정중선(anterior median line)에서 가쪽으로 2寸.","In the anterior thoracic region, just inferior to the clavicle, 2 B-cun lateral to the anterior median line.",璇璣(CV21)와 氣戶(ST13)의 중간 지점에서 취혈한다.,"- 直刺 0.2～0.4寸 (不可深刺)

- 斜刺 0.3～0.5寸",acupoint
PC1,PC,천지,天池,수궐음심포경,"앞가슴부위, 넷째 갈비사이공간(the 4th intercostal space)으로, 앞정중선 (anterior median line)에서 가쪽으로 5寸.","In the anterior thoracic region, in the fourth intercostal space, 5 B-cun lateral to the anterior median line.",남성은 유두 가쪽 1寸 부위에서 취혈한다.,"- 直刺 0.2～0.3寸 (不宜深刺)

- 斜刺 0.3～0.5寸 (外傍으로 향해 斜刺)",acupoint
PC2,PC,천천,天泉,수궐음심포경,"위팔 앞쪽면, 위팔두갈래근(biceps brachii m.)의 긴갈래와 짧은갈래 사이, 앞겨드랑주름(anterior axillary fold)에서 먼쪽으로 2寸.","On the anterior aspect of the arm, between the long head and short head of the biceps brachii muscle, 2 B-cun distal to the anterior axillary fold.",,"- 直刺 0.3～0.5寸

- 斜刺 0.5～0.7寸",acupoint
PC3,PC,곡택,曲澤,수궐음심포경,"팔꿈치 앞쪽면, 팔오금주름(cubital crease) 위, 위팔두갈래근힘줄(biceps brachii tendon)의 안쪽 오목한 곳.","On the anterior aspect of the elbow, at the cubital crease, in the depression medial to the biceps brachii tendon.","손바닥이 위쪽을 향하게 하고 팔꿈치를 45°로 굽힌 자세에서, 팔오금주름 위, 위팔두갈래근힘줄의 안쪽에서 취혈한다.","- 直刺 0.5～1寸(不宜深刺)

- 斜刺 0.5～1寸

- 三稜鍼으로 點刺出血 (특히 中暑, 霍亂 등의 急性胃腸病 치료시)",acupoint
PC4,PC,극문,郄門,수궐음심포경,"아래팔 앞쪽면, 긴손바닥근힘줄(palmaris longus tendon)과 노쪽손목굽힘근힘줄(flexor carpi radialis tendon)의 사이, 손바닥 쪽 손목주름(palmar wrist crease) 에서 몸 쪽으로 5寸.","On the anterior aspect of the forearm, between the tendons of the palmaris longus and the flexor carpi radialis, 5 B-cun proximal to the palmar wrist crease.","주먹을 가볍게 움켜쥐고 손바닥이 위쪽을 향하도록 손목을 돌린채 팔꿈치를 약간 굽히면, 긴손바닥근힘줄과 노쪽손목굽힘근힘줄이 현저하게 드러난다. 긴손바닥근힘줄이 보이지 않을 때에는 노쪽손목굽힘근힘줄 자쪽에서 취혈한다. 曲澤(PC3)과 大陵(PC7)을 연결하는 선의 중점에서 먼 쪽으로 1寸 지점에서 취혈한다.","- 直刺 0.5～1寸

- 斜刺 0.5～1寸",acupoint
PC5,PC,간사,間使,수궐음심포경,"아래팔 앞쪽면, 긴손바닥근힘줄(palmaris longus tendon)과 노쪽손목굽힘근힘줄(flexor carpi radialis tendon)의 사이, 손바닥 쪽 손목주름(palmar wrist crease) 에서 몸 쪽으로 3寸.","On the anterior aspect of the forearm, between the tendons of the palmaris longus and the flexor carpi radialis, 3 B-cun proximal to the palmar wrist crease.","주먹을 가볍게 움켜쥐고 손바닥이 위쪽을 향하도록 손목을 돌린채 팔꿈치를 약간 굽히면, 긴손바닥근힘줄과 노쪽손목굽힘근힘줄이 현저하게 드러난다. 大陵(PC7)에서 몸 쪽으로 3寸 지점에서 취혈한다. 긴손바닥근힘줄이 보이지 않는다면, 노쪽손목굽힘근힘줄 자쪽에서 취혈한다.","- 直刺 0.5～1寸

- 斜刺 1～1.5寸

- 軀幹疾患 치료시는 약간 橈骨側으로 上向하여 1～1.5寸 斜刺",acupoint
PC6,PC,내관,內關,수궐음심포경,"아래팔 앞쪽면, 긴손바닥근힘줄(palmaris longus tendon)과 노쪽손목굽힘근힘줄(flexor carpi radialis tendon)의 사이, 손바닥쪽 손목주름(palmar wrist crease) 에서 위로 2寸.
※주 :  內關(PC6)과 상응하는 뒤쪽의 經穴은 外關(TE5).","On the anterior aspect of the forearm, between the tendons of the Palmaris longus and the flexor carpi radialis, 2 B-cun proximal to the palmar wrist crease.","주먹을 가볍게 움켜쥐고 손바닥이 위쪽을 향하도록 손목을 돌린 상태에서 팔꿈치를 약간 굽히면, 긴손바닥근힘줄과 노쪽손목굽힘근힘줄이 현저하게 드러난다. 大陵(PC7)에서 몸 쪽으로 2寸 지점에서 취혈한다. 긴손바닥근힘줄이 보이지 않을 때에는 노쪽손목굽힘근힘줄 자쪽에서 취혈한다.","- 直刺 0.5～1寸 / 外關(TE5)을 향해 1.5寸로 透刺

- 斜刺 0.3～2寸 / 軀幹疾患에는 上向하여 1～2寸 斜刺 / 手指麻木에는 약간 橈側으로 3～5分 刺入",acupoint
PC7,PC,대릉,大陵,수궐음심포경,"손목 앞쪽면, 긴손바닥근힘줄(palmaris longus tendon)과 노쪽손목굽힘근힘줄(flexor carpi radialis tendon)의 사이, 손바닥 쪽 손목주름(palmar wrist crease) 위.","On the anterior aspect of the wrist, between the tendons of palmaris longus and the flexor carpi radialis, on the palmar wrist crease.","주먹을 가볍게 움켜쥐고 손바닥이 위쪽을 향하도록 손목을 돌린 상태에서 팔꿈치를 약간 굽히면, 긴손바닥근힘줄과 노쪽손목굽힘근힘줄이 현저하게 드러난다. 손바닥 쪽 손목주름의 중점, 긴손바닥근힘줄과 노쪽손목굽힘근힘줄의 사이, 콩알뼈(pisiform bone)의 몸 쪽 끝인 神門(HT7)과 같은 높이에서 취혈한다.","- 直刺 0.3～0.5寸 

- 斜刺 0.5～0.8寸",acupoint
PC8,PC,노궁,宮,수궐음심포경,"손바닥, 둘째와 셋째 손허리뼈(the 2nd and 3rd metacarpal bone)의 사이, 손허리손가락관절(metacarpophalangeal joint)의 몸 쪽 오목한 곳.
※참고 :  勞宮(PC8)의 부위가 손바닥, 셋째와 넷째 손허리뼈의 사이, 손허리손가락관절의 몸 쪽 오목한 곳이라는 의견도 있다.","On the palm of the hand, in the depression between the second and third metacarpal bones, proximal to the metacarpophalangeal joints.
Remarks: Alternative location of PC8 – On the palm of the hand, in the depression, between the third and fourth metacarpal bones, proximal to the metacarpophalangeal joints.",,"- 直刺 0.3～0.5寸 (손바닥에서 손등을 향해 刺入)

- 斜刺 0.5～0.5寸",acupoint
PC9,PC,중충,中衝,수궐음심포경,"가운데손가락, 가운데손가락 끝의 중심.
※참고 :  中衝(PC9)의 부위가 가운데손가락의 손톱 노쪽 뿌리각(radial corner of the middle finger nail)에서 몸 쪽으로 0.1寸, 가운데손톱 노쪽모서리를 지나는 수직선과 손톱뿌리를 지나는 수평선이 만나는 지점이라는 의견도 있다.","On the middle finger, at the centre of the tip of the middle finger.
Remarks: Alternative location for PC9 – On the middle finger, 0.1 F-cun proximal to the radial corner of the middle fingernail, at the intersection of the vertical line of the radial side of the nail and the horizontal line of the base of the fingernail.",,"- 直刺 0.1～0.2寸 

- 三稜鍼으로 點刺出血

- 禁灸 (『醫學入門』)",acupoint
TE1,TE,관충,關衝,수소양삼초경,"약손가락, 끝마디뼈(distal phalanx)의 자쪽, 넷째손톱 자쪽 뿌리각(ulnar corner of the fingernail)에서 몸 쪽으로 0.1寸.","On the ring finger, ulnar to the distal phalanx, 0.1 F-cun proximal to the ulnar corner of the fingernail, at the intersection of the vertical line of the ulnar side of the nail and the horizontal line of the base of the fingernail.",넷째손톱의 자쪽모서리를 지나는 수직선과 손톱뿌리를 지나는 수평선이 만나는 지점에서 취혈한다.,"- 直刺 0.1～0.2寸

- 斜刺 0.2～0.3寸

- 三稜鍼으로 點刺出血",acupoint
TE2,TE,액문,液門,수소양삼초경,"손등, 약손가락과 새끼손가락 사이, 손샅 가장자리(web margin) 위쪽 오목한 곳, 赤白肉際.","On the dorsum of the hand, in the depression superior to the web margin between the ring and little fingers, at the border between the red and white flesh.","주먹을 가볍게 쥐고, 손바닥이 아래쪽을 향하게 한 자세에서, 약손가락과 새끼손가락이 만나는 지점의 위쪽 오목한 곳으로 赤白肉際에서 취혈한다.","- 直刺 0.3～0.5寸

- 斜刺 0.3～0.5寸",acupoint
TE3,TE,중저,中渚,수소양삼초경,"손등, 넷째와 다섯째 손허리뼈(the 4th and 5th metacarpal bone) 사이, 넷째 손허리손가락관절(the 4th metacarpophalangealjoint) 몸 쪽 오목한 곳.","On the dorsum of the hand, between the 4th and 5th metacarpal bones, in the depression proximal to the 4th metacarpophalangeal joint.",,"- 直刺 0.3～0.5寸

- 斜刺 0.5～1寸 (손목을 향해)",acupoint
TE4,TE,양지,陽池,수소양삼초경,"손목 뒤쪽면, 손등 쪽 손목주름(dorsal wrist crease) 위, 손가락폄근힘줄(extensor digitorum tendon) 자쪽 오목한 곳.
※주 : 陽谿(LI5), 陽谷(SI5)과 같은 높이에 위치한다.","On the posterior aspect of the wrist, in the depression ulnar to the extensor digitorum tendon, on the dorsal wrist crease.
Note 1: At the same level as LI5 and SI5.","손바닥을 아래로 하고, 저항을 주면서 손목을 손등 쪽으로 굽히면 손가락폄근힘줄을 더욱 쉽게 촉지할 수 있다. 손가락을 넷째와 다섯째 손허리뼈(the 4th and 5th metacarpal bone) 사이를 따라서 몸 쪽으로 움직이다가 손등 쪽 손목주름과 만나는 오목한 곳에서 취혈한다.","- 直刺 0.3～0.5寸

- 斜刺 0.3～0.5寸",acupoint
TE5,TE,외관,外關,수소양삼초경,"아래팔 뒤쪽면, 자뼈와 노뼈 뼈사이공간(interosseous space between the radius and the ulna)의 중점, 손등쪽손목주름(dorsal wrist crease)에서 몸쪽으로 2寸.
※주 : 外關(TE5)에 상응하는 앞쪽經穴은 內關(PC6)이다.","On the posterior aspect of the forearm, midpoint of the interosseous space between the radius and the ulna, 2 B-cun proximal to the dorsal wrist crease.
Note: The anterior point corresponding to TE5 is PC6.","陽池(TE4)에서 몸 쪽으로 2寸, 자뼈와 노뼈 사이의 오목한 곳에서 취혈한다. 外關(TE5)에 상응하는 앞쪽 經穴은 內關(PC6)이다.","- 直刺 0.5～1寸 (혹은 內關(PC6)을 향해 透刺하기도 한다)

- 斜刺 1～1.5寸 (軀幹의 疾患에는 上向하여 1～1.5寸 斜刺한다)",acupoint
TE6,TE,지구,支溝,수소양삼초경,"아래팔 뒤쪽면, 자뼈와 노뼈 뼈사이공간(interosseous space between the radius and the ulna)의 중점, 손등쪽손목주름(dorsal wrist crease)에서 몸 쪽으로 3寸.","On the posterior aspect of the forearm, midpoint of the interosseous space between the radius and the ulna, 3 B-cun proximal to the dorsal wrist crease.","外關(TE5)에서 몸 쪽으로 1寸, 會宗(TE7)과 같은 높이, 자뼈와 노뼈 사이에서 취혈한다.","- 直刺 0.5～1寸

- 斜刺 1～1.5寸",acupoint
TE7,TE,회종,會宗,수소양삼초경,"아래팔 뒤쪽면, 자뼈(ulna)의 바로 노쪽, 손등 쪽 손목주름(dorsal wrist crease)에서 몸 쪽으로 3寸.","On the posterior aspect of the forearm, just radial to the ulna, 3 B-cun proximal to the dorsal wrist crease.",支溝(TE6)의 자쪽에서 취혈한다.,"- 直刺 0.5～0.9寸

- 斜刺 0.5～1寸",acupoint
TE8,TE,삼양락,三陽絡,수소양삼초경,"아래팔 뒤쪽면, 자뼈와 노뼈 뼈사이공간(interosseous space between the radius and the ulna)의 중점, 손등쪽손목주름(dorsal wrist crease)에서 몸 쪽으로 4寸.","On the posterior aspect of the forearm, midpoint of the interosseous space between the radius and the ulna, 4 B-cun proximal to the dorsal wrist crease.",陽池(TE4)와 팔꿈치 끝(tip of the elbow)을 연결하는 선에서 위쪽으로부터 2/3와 아래쪽으로부터 1/3이 되는 지점에서 취혈한다.,"- 直刺 0.5～1寸

- 斜刺 0.8～1.5寸 (深刺時에는 郄門(PC4)을 향해 2～3寸 刺入)

- 不可刺 (「鍼灸甲乙經」)",acupoint
TE9,TE,사독,四瀆,수소양삼초경,"아래팔 뒤쪽면, 자뼈와 노뼈 뼈사이공간(interosseous space between theradius and the ulna)의 중점, 팔꿈치머리 융기(prominence of the olecranon)에서 먼 쪽으로 5寸.","On the posterior aspect of the forearm, midpoint of the interosseous space between the radius and the ulna, 5 B-cun distal to the prominence of the olecranon.",陽池(TE4)와 팔꿈치머리 융기를 연결하는 선의 중점에서 몸 쪽으로 1寸 지점에서 취혈한다.,"- 直刺 0.5～1寸

- 斜刺 0.5～1寸",acupoint
TE10,TE,천정,天井,수소양삼초경,"팔꿈치 뒤쪽면, 팔꿈치머리 융기(prominence of the olecranon)에서 몸 쪽으로 1寸이 되는 오목한 곳.","On the posterior aspect of the elbow, in the depression 1 B-cun proximal to the prominence of the olecranon.","팔꿈치를 굽혔을 때, 팔꿈치머리오목(olecranon fossa)에서 취혈한다.","- 直刺 0.3～0.5寸

- 斜刺 0.5～1寸",acupoint
TE11,TE,청랭연,淸淵,수소양삼초경,"위팔 뒤쪽면, 팔꿈치머리 융기(prominence of the olecranon)와 봉우리각(acromial angle)을 연결하는 선 위, 팔꿈치머리 융기에서 몸쪽으로 2寸.","On the posterior aspect of the arm, on the line connecting the prominence of the olecranon with the acromial angle, 2 B-cun proximal to the prominence of the olecranon.","팔꿈치를 펴고, 팔꿈치머리 융기로부터 위쪽으로 2寸에서 취혈한다.","- 直刺 0.3～0.5寸

- 斜刺 0.5～1寸",acupoint
TE12,TE,소락,消濼,수소양삼초경,"위팔 뒤쪽면, 팔꿈치머리 융기(prominence of the olecranon)와 봉우리각(acromial angle)을 연결하는 선 위, 팔꿈치머리 융기에서 몸쪽으로 5寸.","On the posterior aspect of the arm, on the line connecting the prominence of the olecranon with the acromial angle, 5 B-cun proximal to the prominence of the olecranon.",,"- 直刺 0.3～0.7寸

- 斜刺 0.5～1寸",acupoint
TE13,TE,노회,臑會,수소양삼초경,"위팔 뒤쪽면, 어깨세모근(deltoid muscle)의 뒤모서리 아래뒤쪽, 봉우리각(acromial angle)에서 아래쪽으로 3寸.","On the posterior aspect of the arm, posteroinferior to the border of the deltoid muscle, 3 B-cun inferior to the acromial angle.",,"- 直刺 0.5～1寸

- 斜刺 0.5～1寸",acupoint
TE14,TE,견료,肩髎,수소양삼초경,"팔이음뼈(shoulder girdle), 봉우리각(acromial angle)과 위팔뼈 큰결절(greater tubercle of the humerus) 사이의 오목한 곳.","On the shoulder girdle, in the depression between the acromial angle and the greater tubercle of the humerus.","팔꿈치를 굽히고 위팔을 외전시키면, 어깨뼈봉우리(acromion) 앞뒤로 각각 두 개의 오목한 곳이 나타난다. 肩髎(TE14)는 뒤쪽에 위치하며, 앞쪽에 위치한 肩髃(LI15)보다 덜 오목하다.","- 直刺 0.5～1寸

- 斜刺 1～2寸

- 肩關節炎 치료시는 어깨관절을 外轉시켜 어깨뼈봉우리와 위팔뼈큰결절 사이를 沿해서 極泉(HT1)을 향해 1.5～2寸 直刺, 혹은 極泉(HT1)까지 透刺하거나, 아래쪽으로 비스듬히 2～3寸 斜刺한다.",acupoint
TE15,TE,천료,天髎,수소양삼초경,"어깨뼈부위, 어깨뼈 위각(superior angle of the scapula)에서 위쪽 오목한 곳.","In the scapular region, in the depression superior to the superior angle of the scapula.","바르게 앉아 팔을 몸통 옆으로 늘어뜨리고, 肩井(GB21)과 曲垣(SI13)의 중간에서 취혈한다.","- 直刺 0.3～0.5寸 (肩胛棘의 방향으로 偏向하여 刺入, 不宜深刺)

- 斜刺 0.5～0.8寸",acupoint
TE16,TE,천유,天牖,수소양삼초경,"목 앞부위, 턱뼈각(angle of the mandible)과 같은 높이, 목빗근(sternocleidomastoid muscle)의 뒤 쪽 오목한 곳.","In the anterior region of the neck, at the same level as the angle of the mandible, in the depression posterior to the sternocleidomastoid muscle.",,"- 直刺 0.3～0.5寸 (不宜深刺)

- 斜刺 0.5～0.8寸",acupoint
TE17,TE,예풍,翳風,수소양삼초경,"목앞부위, 귓불(ear lobe)의 뒤쪽, 꼭지돌기(mastoid process) 아래끝의 앞쪽 오목한 곳.","In the anterior region of the neck, posterior to the ear lobe, in the depression anterior to the inferior end of the mastoid process.",,"- 直刺 0.5～1寸

- 斜刺 1～1.5寸",acupoint
TE18,TE,계맥,瘈脈,수소양삼초경,"머리, 꼭지돌기(mastoid process) 중심, 翳風(TE17)에서 角孫(TE20)을 연결하는 곡선에서 위쪽으로부터 2/3와 아래쪽으로부터 1/3이 되는 지점.","On the head, at the center of the mastoid process, at the junction of the upper 2/3 and lower 1/3 of the curved line from TE17 to TE20.",,"- 直刺 0.1～0.2寸

- 斜刺 0.5～1寸

- 點刺出血",acupoint
TE19,TE,노식,顱息,수소양삼초경,"머리, 翳風(TE17)에서 角孫(TE20)을 연결하는 곡선에서 위쪽으로부터 1/3 과 아래쪽으로부터 2/3가 되는 지점.","On the head, at the junction of the upper 1/3 and lower 2/3 of the curved line from TE17 to TE20.",,"- 直刺 0.1～0.2寸

- 斜刺 0.1～0.3寸 (0.1寸 刺入한 후 後方을 향해 0.5寸 斜刺하기도 한다)",acupoint
TE20,TE,각손,角孫,수소양삼초경,"머리, 귓바퀴끝(auricular apex)의 바로 위쪽 지점.","On the head, just superior to the auricular apex.","귓바퀴를 앞으로 접어 머리에 눌러 붙일 때, 귓바퀴끝이 머리에 닿는 지점에서 취혈한다.","- 直刺 0.1～0.2寸

- 斜刺 0.1～0.3寸",acupoint
TE21,TE,이문,耳門,수소양삼초경,"얼굴, 귀구슬위패임(supratragic notch)과 아래턱뼈 관절돌기(condylar process of the mandible) 사이의 오목한 곳.","On the face, in the depression between the supratragic notch and the condylar process of the mandible.",- 입을 벌리고 鍼尖을 下向하여 聽宮(SI19) 및 聽會(GB2)로 透刺하여 0.5～1.5寸 刺入,,acupoint
TE22,TE,화료,和髎,수소양삼초경,"머리, 관자놀이 머리카락경계선(temple hairline)의 뒤쪽, 귓바퀴뿌리(auricular root)의 앞쪽, 얕은관자동맥(superficial temporal artery)의 뒤쪽.","On the head, posterior to the temple hairline, anterior to the auricular root, posterior to the superficial temporal artery.",,"- 直刺 0.1～0.2寸

- 斜刺 0.3～0.5寸",acupoint
TE23,TE,사죽공,絲竹空,수소양삼초경,"머리, 눈썹 가쪽끝의 오목한 곳.","On the head, in the depression at the lateral end of the eyebrow.
Note: TE23 is superior to GB1.",,"- 直刺 0.2～0.3寸

- 斜刺 0.3～1寸 (皮下를 沿하여 後方으로)

- 橫刺時 後方 또는 魚腰를 향해 皮下를 沿하여 0.5～1寸 刺入

- 刺出血 (頭風*, 偏頭痛 치료시)",acupoint
GB1,GB,동자료,瞳子髎,족소양담경,"머리, 가쪽눈구석(outer canthus)에서 가쪽으로 0.5寸 오목한 곳.","On the head, in the depression, 0.5 B-cun lateral to the outer canthus of the eye.","눈초리(目外眥) 가쪽 약 0.5寸으로, 눈확가쪽모서리 오목한 곳에서 취혈한다.","- 直刺 0.2～0.3寸

- 斜刺 0.3～0.5寸

- 橫刺 0.5～1寸 (太陽을 향해 刺入)",acupoint
GB2,GB,청회,聽會,족소양담경,"얼굴, 귀구슬사이패임(intertragic notch)과 아래턱뼈 관절돌기(condylar process of mandible) 사이의 오목한 곳.","On the face, in the depression between the intertragic notch and the condylar process of the mandible.","입을 벌리고, 귀구슬사이패임 앞쪽의 오목한 곳에서 취혈한다. 聽宮(SI19)에서 수직으로 아래쪽에 위치한다.","- 直刺 0.3～0.5寸

- 斜刺 0.5～0.7寸

- 입을 벌리고 약간 後斜方으로 1～1.5寸 刺入하기도 한다.",acupoint
GB3,GB,상관,上關,족소양담경,"머리, 광대활(zygomatic arch) 중점 위쪽의 오목한 곳.","On the head, in the depression superior to the midpoint of the zygomatic arch.","광대활 위쪽, 下關(ST7) 위쪽의 오목한 곳에서 취혈한다.","- 直刺 0.2～0.3寸

- 斜刺 0.3～0.5寸",acupoint
GB4,GB,함염,頷厭,족소양담경,"머리, 頭維(ST8)와 曲鬢(GB7)을 연결하는 곡선에서 위쪽으로부터 1/4과 아래쪽으로부터 3/4이 되는 지점.","On the head, at the junction of the upper one fourth and lower three fourths of the curved line from ST8 to GB7.",,"- 直刺 0.2～0.3寸

- 斜刺 0.3～0.5寸 (아래를 향하여 沿皮刺)",acupoint
GB5,GB,현로,懸顱,족소양담경,"머리, 頭維(ST8)와 曲鬢(GB7)을 연결하는 곡선의 중점.","On the head, at the midpoint of the curved line from ST8 to GB7.",,"- 直刺 0.2～0.3寸

- 斜刺 0.3～0.5寸 (뒤를 향하여 沿皮刺)",acupoint
GB6,GB,현리,懸釐,족소양담경,"머리, 頭維(ST8)와 曲鬢(GB7)을 연결하는 곡선에서 위쪽으로부터 3/4과 아래쪽으로부터 1/4이 되는 지점.","On the head, at the junction of the upper three fourths and lower one fourth of the curved line from ST8 to GB7.",,"- 直刺 0.2～0.3寸

- 斜刺 0.3～0.5寸 (뒤를 향하여 沿皮刺)",acupoint
GB7,GB,곡빈,曲鬢,족소양담경,"머리, 귓바퀴끝(auricular apex)을 지나는 수평선과 관자놀이 머리카락경계선(temple hairline)의 뒤모서리를 지나는 수직선이 만나는 지점.","On the head, at the junction of the vertical line of the posterior border of the temple hairline and the horizontal line of the apex of the auricle.",,"- 直刺 0.2～0.3寸

- 斜刺 0.3～0.5寸",acupoint
GB8,GB,솔곡,率谷,족소양담경,"머리, 귓바퀴끝(auricular apex)에서 수직으로 위쪽, 관자놀이 머리카락경계선(temporal hairline)에서 위쪽으로 1.5寸.","On the head, directly superior to the auricular apex, 1.5 B-cun superior to the temporal hairline.","角孫(TE20) 위쪽, 髮際(hairline)에서 머리 안쪽으로 1.5寸 지점으로, 음식을 씹을 때 쉽게 촉지된다.","- 直刺 0.2～0.3寸

- 斜刺 0.3～0.5寸 (沿皮刺)",acupoint
GB9,GB,천충,天衝,족소양담경,"머리, 귓바퀴뿌리(auricular root) 뒤 모서리에서 수직으로 위쪽, 髮際 (hairline)에서 위쪽으로 2寸.","On the head, directly superior to the posterior border of the auricular root, 2 B-cun superior to the hairline.",率谷(GB8)에서 뒤쪽으로 0.5寸 지점에서 취혈한다.,"- 直刺 0.2～0.3寸

- 斜刺 0.3～0.5寸 (沿皮刺)",acupoint
GB10,GB,부백,浮白,족소양담경,"머리, 꼭지돌기(mastoid process)의 위뒤쪽, 天衝(GB9)에서 完骨(GB12)을 연결하는 곡선에서 위로부터 1/3과 아래로부터 2/3가 되는 지점.","On the head, posterosuperior to the mastoid process, at the junction of the upper one third and lower two thirds of the curved line from GB9 to GB12.","귓바퀴끝(auricular apex)의 뒤쪽, 髮際(hairline)에서 위쪽으로 1寸이 되는 지점에서 취혈한다.","- 直刺 0.2～0.3寸

- 斜刺 0.3～0.5寸 (沿皮刺)",acupoint
GB11,GB,두규음,頭竅陰,족소양담경,"머리, 꼭지돌기(mastoid process) 위 뒤쪽, 天衝(GB9)에서 完骨(GB12)을 연결하는 곡선에서 위쪽으로부터 2/3과 아래쪽으로부터 1/3이 되는 지점.","On the head, posterior and superior to the mastoid process, at the junction of the upper two thirds and lower one third of the curved line from GB9 to GB12.",,"- 直刺 0.2～0.3寸

- 斜刺 0.3～0.5寸 (沿皮刺)",acupoint
GB12,GB,완골,完骨,족소양담경,"목 앞부위, 꼭지돌기(mastoid process) 아래뒤쪽의 오목한 곳.","In the anterior region of the neck, in the depression posteroinferior to the mastoid process.",,"- 直刺 0.2～0.3寸

- 斜刺 0.3～0.5寸 (沿皮刺)",acupoint
GB13,GB,본신,本神,족소양담경,"머리, 前髮際(anterior hairline)에서 머리 안쪽으로 0.5寸, 앞정중선(anterior median line)에서 가쪽으로 3寸.","On the head, 0.5 B-cun superior to the anterior hairline, 3 B-cun lateral to the anterior median line.",神庭(GV24)에서 頭維(ST8)를 연결하는 곡선에서 안쪽으로부터 2/3와 가쪽으로부터 1/3이 되는 지점에서 취혈한다.,"- 直刺 0.2～0.3寸

- 斜刺 0.3～0.5寸 (뒤를 향하여 沿皮刺)",acupoint
GB14,GB,양백,陽白,족소양담경,"머리, 동공(pupil) 중심에서 수직으로 위쪽, 눈썹 위쪽으로 1寸.","On the head, 1 B-cun superior to the eye brow, directly superior to the centre of the pupil.",,"- 直刺 0.2～0.3寸

- 斜刺 0.3～0.5寸 (뒤를 향하여 沿皮刺)

- 橫刺하여 魚腰로 透刺 0.3～0.5寸 (위에서 아래로 皮下部를 沿하여 刺入)",acupoint
GB15,GB,두임읍,頭泣,족소양담경,"머리, 동공(pupil) 중심에서 수직으로 위쪽, 前髮際(anterior hairline)에서 머리 안쪽으로 0.5寸.","On the head, 0.5 B-cun within the anterior hairline, directly superior to the centre of the pupil.","정면을 바라볼 때, 동공 중심에서 위 쪽, 神庭(GV24)에서 頭維(ST8)를 연결하는 곡선의 중점에서 취혈한다.","- 直刺 0.2～0.3寸

- 斜刺 0.3～0.5寸 (위를 향하여 沿皮刺)

- 三稜鍼으로 點刺出血",acupoint
GB16,GB,목창,目窓,족소양담경,"머리, 동공(pupil) 중심에서 수직으로 위쪽, 前髮際(anterior hairline)에서 머리 안쪽으로 1.5寸.","On the head, 1.5 B-cun within the anterior hairline, directly superior to the centre of the pupil.
Note: GB16 is 1 B-cun superior to GB15.",,"- 直刺 0.2～0.3寸

- 斜刺 0.3～0.5寸 (뒤를 향하여 沿皮刺)

- 三稜鍼으로 點刺出血",acupoint
GB17,GB,정영,正營,족소양담경,"머리, 동공(pupil) 중앙에서 수직으로 위쪽, 前髮際(anterior hairline)에서 머리 안쪽으로 2.5寸.","On the head, 2.5 B-cun within the anterior hairline, directly superior to the centre of the pupil.
Note: GB17 is 2 B-cun superior to GB15.",,"- 直刺 0.2～0.3寸

- 斜刺 0.3～0.5寸 (뒤를 향하여 沿皮刺)",acupoint
GB18,GB,승령,承靈,족소양담경,"머리, 동공(pupil) 중심에서 수직으로 위쪽, 前髮際(anterior hairline)에서 머리 안쪽으로 4寸.","On the head, 4 B-cun within the anterior hairline, directly superior to the centre of the pupil.
Note: GB18 is 1.5 B-cun posterior to GB17, at the same level as BL7.",,"- 直刺 0.2～0.3寸

- 斜刺 0.3～0.5寸 (뒤를 향하여 沿皮刺)",acupoint
GB19,GB,뇌공,腦空,족소양담경,"머리, 風池(GB20)에서 수직으로 위 쪽, 바깥뒤통수뼈융기(external occipital protuberance) 위모서리와 같은 높이.","On the head, at the same level as the superior border of the external occipital protuberance, directly superior to GB20.
Note: GB19 is at the same level as GV17 and BL9.",,"- 直刺 0.2～0.3寸

- 斜刺 0.3～0.5寸 (뒤를 향하여 沿皮刺)",acupoint
GB20,GB,풍지,風池,족소양담경,"목 뒤부위, 뒤통수뼈(occipital bone)의 아래쪽, 목빗근이 닿는 곳(insertion of sternocleidomastiod muscle)의 뒤쪽 가장자리와 등 세모근이 이는 곳(origin of trapezius muscle)의 바깥쪽 가장자리 사이의 오목한 곳.","In the posterior region of the neck, inferior to the occipital bone, in the depression between the insertion of sternocleidomastoid and the origin of trapezius muscles.
Note: GB20 is at the same level as GV16.",,"- 直刺 0.3～1寸 (반대쪽 眼球 방향으로 刺入)

- 斜刺 0.5～1.5寸 (약간 斜下 방향인 耳垂와 수평으로 刺入)",acupoint
GB21,GB,견정,肩井,족소양담경,"목 뒤부위, 일곱째 목뼈 가시돌기 (spinous process of the 7th cervical vertebra)와 어깨뼈봉우리(acromion) 가 쪽끝을 연결하는 선의 중점.","In the posterior region of the neck, at the midpoint of the line connecting the spinous process of the seventh cervical vertebra (C7) with the lateral end of the acromion.",,"- 直刺 0.3～0.5寸

- 斜刺 0.5～1寸

- 鍼感이 비교적 강하고 아래에는 肺尖部가 있으므로 신중히 자침하며, 갑자기

자극을 주거나 深刺하여 暈鍼이나 氣胸이 발생하지 않도록 한다.

- 若鍼深悶倒, 急補足三里 (『鍼灸大成』)",acupoint
GB22,GB,연액,淵腋,족소양담경,"가쪽가슴부위, 넷째 갈비사이공간(the 4th intercostal space), 중간겨드랑선(midaxillary line) 위.","In the lateral thoracic region, in the fourth intercostal space, on the midaxillary line.",,"- 直刺 0.2～0.3寸 (不宜深刺)

- 斜刺 0.3～0.5寸",acupoint
GB23,GB,첩근,輒筋,족소양담경,"가쪽가슴부위, 넷째 갈비사이공간(the 4th intercostal space), 중간겨드랑선 (midaxillary line)에서 앞쪽으로 1寸.","In the lateral thoracic region, in the fourth intercostal space, 1 B-cun anterior to the midaxillary line.",淵腋(GB22) 앞쪽 1寸에서 취혈한다.,"- 直刺 0.2～0.3寸 (不宜深刺)

- 斜刺 0.3～0.5寸",acupoint
GB24,GB,일월,日月,족소양담경,"앞가슴부위, 일곱째 갈비사이공간(the 7th intercostal space), 앞정중선(anterior median line)에서 가쪽으로 4寸.","In the anterior thoracic region, in the seventh intercostal space, 4 B-cun lateral to the anterior median line.","젖꼭지(nipple) 중심의 아래쪽, 期門(LR14)으로부터 갈비뼈 하나 아래에서 취혈한다. 여성의 경우, 빗장중간선(midclavicular line)과 일곱째 갈비사이공간이 만나는 지점에서 취혈할 수도 있다.","- 直刺 0.3～0.5寸 (不宜深刺)

- 斜刺 0.3～0.5寸",acupoint
GB25,GB,경문,京門,족소양담경,"옆배, 열두째 갈비뼈끝(free extremity of the 12th rib)의 아래쪽.","On the lateral abdomen, inferior to the free extremity of the 12th rib.",옆으로 누워 팔을 머리 위쪽으로 올리고 취혈한다. 열두째 갈비뼈끝은 뒤겨드랑선(posterior axillary line) 뒤 쪽의 갈비뼈활(costal arch) 아래모서리에서 촉지된다.,"- 直刺 0.3～0.5寸 (不宜深刺)

- 斜刺 0.5～1寸",acupoint
GB26,GB,대맥,帶脈,족소양담경,"옆배, 열한째 갈비뼈끝(free extremity of the 11th rib)의 아래쪽, 배꼽 (umbilicus) 중심과 같은 높이.","On the lateral abdomen, inferior to the free extremity of the 11th rib, at the same level as the centre of umbilicus.","먼저 열째 갈비뼈(the 10th rib)를 찾은 후, 갈비뼈활(costal arch)의 아래모서리 바로 밑에서 열한째 갈비뼈끝을 찾아 그 아래에서 취혈한다. 章門(LR13)의 아래쪽, 神闕(CV8)과 같은 높이에서 취혈한다.","- 直刺 0.5～0.8寸

- 斜刺 0.5～1寸",acupoint
GB27,GB,오추,五樞,족소양담경,"아랫배, 배꼽(umbilicus) 중심에서 아래쪽으로 3寸, 위앞엉덩뼈가시(anterior superior iliac spine)의 안쪽.","On the lower abdomen, 3 B-cun inferior to the centre of umbilicus, medial to the anterior superior iliac spine.
Note: GB27 is 3 B-cun inferior to GB26, at the same level as CV4.",,"- 直刺 0.5～0.8寸

- 斜刺 0.5～1寸",acupoint
GB28,GB,유도,維道,족소양담경,"아랫배, 위앞엉덩뼈가시(anterior superior iliac spine)에서 아래안쪽으로 0.5寸.","On the lower abdomen, 0.5 B-cun medioinferior to the anterior superior iliac spine.
Note: GB28 is 0.5 B-cun medioinferior to GB27.",,,acupoint
GB29,GB,거료,居髎,족소양담경,"엉덩이부위, 위앞엉덩뼈가시(anterior superior iliac spine)와 큰돌기 융기(prominence of the greater trochanter)
를 연결하는 선의 중점.","In the buttock region, midpoint of the line connecting the anterior superior iliac spine and the prominence of the greater trochanter.",,"- 直刺 0.5～1寸

- 斜刺 2～3寸 (股關節로 향해 刺入)",acupoint
GB30,GB,환도,環跳,족소양담경,"엉덩이부위, 큰돌기 융기(prominence of the greater trochanter)와 엉치 뼈틈새(sacral hiatus)를 연결하는 선에서 가쪽으로부터 1/3과 안쪽으로부터 2/3가 되는 지점.","In the buttock region, at the junction of the lateral one third and medial two thirds of the line connecting the prominence of the greater trochanter with the sacral hiatus.
Remarks: Alternative location for GB30 - in the buttock region, at the junction of the lateral one third and medial two thirds of the distance between the prominence of the greater trochanter and the anterior superior iliac spine.","옆으로 누워 넓적다리를 올려 엉덩관절을 굽혔을 때, 쉽게 촉지된다.","- 直刺 1～2寸 또는 2～3寸

- 斜刺 1～3寸",acupoint
GB31,GB,풍시,風市,족소양담경,"넓적다리 가쪽면, 양팔을 넓적다리에 나란히 늘어뜨리고 똑바로 섰을 때, 가운데손가락 끝이 닿는 엉덩정강근 막띠(iliotibial band) 뒤쪽의 오목한 곳.","On the lateral aspect of the thigh, in the depression posterior to the iliotibial band where the tip of the middle finger rests, when standing up with the arms hanging alongside the thigh.","무릎을 약간 굽히고, 저항에 대항하며 엉덩이를 외전시켜, 먼저 엉덩정강근막띠를 찾고, 風市(GB31)를 취혈한다.","- 直刺 0.5～1.5寸

- 斜刺 0.7～1.5寸",acupoint
GB32,GB,중독,中瀆,족소양담경,"넓적다리 가쪽면, 엉덩정강근막띠 (iliotibial band)의 뒤쪽, 오금주름 (popliteal crease)에서 위쪽으로 7寸.","On the lateral aspect of the thigh, posterior to the iliotibial band, 7 B-cun superior to the popliteal crease.",,"- 直刺 0.5～1寸

- 斜刺 0.5～1寸",acupoint
GB33,GB,슬양관,膝陽關,족소양담경,"무릎 가쪽면, 넙다리두갈래근힘줄 (biceps femoris tendon)과 엉덩정강근막띠(iliotibial band)의 사이, 넙다리 뼈 가쪽위관절융기(lateral epicondyle of the femur) 위뒤쪽 오목한 곳.","On the lateral aspect of the knee, in the depression between the biceps femoris tendon and the iliotibial band, posterior and proximal to the lateral epicondyle of the femur.",,"- 直刺 0.3～0.5寸

- 斜刺 0.3～0.8寸",acupoint
GB34,GB,양릉천,陽陵泉,족소양담경,"종아리의 종아리뼈쪽면에, 종아리뼈 머리(head of the fibula)에서 앞먼쪽(anterior and distal)의 오목한 곳에 취혈함.","On the fibular aspect of the leg, in the depression anterior and distal to the head of the fibula.",,"- 0.8～1.2寸 直刺

- 脛骨 後緣을 향해 비스듬히 아래로 1～2寸 斜刺",acupoint
GB35,GB,양교,陽交,족소양담경,"종아리의 종아리뼈쪽면, 종아리뼈(fibula)뒤쪽으로, 가쪽복사 융기(prominence of the lateral malleolus)에서 몸쪽으로 7寸 높이.","On the fibular aspect of the leg, posterior to the fibula, 7 B-cun proximal to the prominence of the lateral malleolus.","오금주름(popliteal crease)의 가쪽끝과 가쪽복사뼈 융기를 연결하는 선을 16촌으로 하여 그 선의 중점에서 먼 쪽으로 1寸과 같은 높이에 취혈하는데, 外丘(GB36)의 뒤쪽에 해당됨.","- 0.3～0.8寸 直刺

- 斜刺 0.5～1寸",acupoint
GB36,GB,외구,外丘,족소양담경,"종아리의 종아리뼈쪽면, 종아리뼈(fibula)앞쪽으로, 가쪽복사 융기(prominence of the lateral malleolus)에서 몸 쪽으로 7寸되는 곳임.","On the fibular aspect of the leg, anterior to the fibula, 7 B-cun proximal to the prominence of the lateral malleolus.","오금주름(popliteal crease)의 가쪽끝과 가쪽복사뼈 융기를 연결하는 선을 16촌으로 하여 그 선의 중점에서 먼 쪽으로 1寸되는 곳에 취혈하는데, 양교의 앞쪽에 해당됨.","- 0.3～0.8寸  直刺 

- 斜刺 0.5～1.5寸",acupoint
GB37,GB,광명,光明,족소양담경,"종아리의 종아리뼈쪽면, 종아리뼈(fibula)앞쪽으로, 오금주름(popliteal crease)의 가쪽끝과 가쪽복사뼈 융기를 연결하는 선을 16촌으로 하여 가쪽복사 융기(prominence of the lataral malleolus)에서 몸쪽으로 5寸되는 곳임.","On the fibular aspect of the leg, anterior to the fibula, 5 B-cun proximal to the prominence of the lateral malleolus.",,"- 0.5～0.9寸 直刺

- 斜刺 0.7～1寸",acupoint
GB38,GB,양보,陽輔,족소양담경,"종아리의 종아리뼈쪽면, 종아리뼈(fibula)앞쪽으로, 오금주름(popliteal crease)의 가쪽끝과 가쪽복사뼈 융기를 연결하는 선을 16촌으로 하여 가쪽복사 융기(prominence of the lataral malleolus)에서 몸쪽으로 4寸되는 곳임.","On the fibular aspect of the leg, anterior to the fibula, 4 B-cun proximal to the prominence of the lateral malleolus.",,"- 0.3～0.7寸 直刺

- 斜刺 0.5～1寸",acupoint
GB39,GB,현종,懸鍾,족소양담경,"종아리 종아리뼈쪽면, 종아리뼈(fibula) 앞쪽으로, 오금주름(popliteal crease)의 가쪽끝과 가쪽복사뼈 융기를 연결하는 선을 16촌으로 하여 가쪽복사 융기(prominence of the lateral malleolus)에서 몸쪽으로 3寸되는 곳임.","On the fibular aspect of the leg, anterior to the fibula, 3 B-cun proximal to the prominence of the lateral malleolus.",,"- 直刺 0.3～0.5寸

- 斜刺 0.5～1寸

- 三陰交로 향해 0.5～1.5寸 透刺",acupoint
GB40,GB,구허,丘墟,족소양담경,"발목 앞가쪽면, 긴발가락폄근힘줄(extensor digitorum longus tendon)의 가쪽, 가쪽복사(lateral malleolus)의 앞먼쪽(anterior and distal) 오목한 곳.","On the anterolateral aspect of the ankle, in the depression lateral to the extensor digitorum longus tendon, anterior and distal to the lateral malleolus.","둘째부터 다섯째발가락까지를 저항에 대항하면서 펴서, 먼저 긴발가락폄근힘줄을 찾고, 丘墟(GB40)를 취혈한다.","- 直刺 0.3～0.5寸

- 斜刺 0.5～1寸 (足內踝下緣을 향해 刺入)",acupoint
GB41,GB,족임읍,足泣,족소양담경,"발등, 넷째와 다섯째 발허리뼈바닥(the 4th and 5th metatarsal bones)의 연접부에서 먼 쪽, 다섯째 긴발가락폄근힘줄(the 5th extensor digitorum longus tendon)의 가쪽 오목한 곳.","On the dorsum of the foot, distal to the junction of the bases of the fourth and fifth metatarsal bones, in the depression lateral to the fifth extensor digitorum longus tendon.",,"- 直刺 0.3～0.5寸

- 斜刺 0.3～0.5寸",acupoint
GB42,GB,지오회,地五會,족소양담경,"발등, 넷째와 다섯째 발허리뼈(the 4th and 5th metatarsal bones) 사이, 넷째 발허리발가락관절(the 4th metatarsophalangeal joint) 몸 쪽 오목한 곳.","On the dorsum of the foot, between the fourth and fifth metatarsal bones, in the depression proximal to the fourth metatarsophalangeal joint.",,"- 直刺 0.1～0.4寸

- 斜刺 0.3～0.5寸",acupoint
GB43,GB,협계,俠谿,족소양담경,"발등, 넷째와 다섯째 발가락(the 4th and 5th toes) 사이, 발샅 가장자리(web margin) 몸 쪽, 赤白肉際.","On the dorsum of the foot, between the fourth and fifth toes, proximal to the web margin, at the border between the red and white flesh.",,"- 直刺 0.2～0.3寸

- 斜刺 0.3～0.5寸",acupoint
GB44,GB,족규음,足竅陰,족소양담경,"넷째발가락, 끝마디뼈(distal phalanx)의 가쪽, 넷째발톱 가쪽 뿌리각(lateral corner of the toenail)에서 몸 쪽으로 0.1寸.","On the fourth toe, lateral to the distal phalanx, 0.1 F-cun proximal to the lateral corner of the toenail, at the intersection of the vertical line of the lateral side of the nail and the horizontal line of the base of the fourth toenail.",넷째발톱의 가쪽모서리를 지나는 수직선과 발톱뿌리를 지나는 수평선이 만나는 지점에서 취혈한다.,"- 直刺 0.1～0.2寸

- 斜刺 0.1～0.2寸",acupoint
LR1,LR,대돈,大敦,족궐음간경,"엄지발가락, 끝마디뼈(distal phalanx)의 가쪽, 엄지발톱 가쪽 뿌리각(lateral corner of the toenail)에서 몸 쪽으로 0.1寸.","On the great toe, lateral to the distal phalanx, 0.1 F-cun proximal to the lateral corner of the toenail, at the intersection of the vertical line of the lateral side of the nail and the horizontal line of the base of the toenail.",엄지발톱의 가쪽모서리를 지나는 수직선과 발톱뿌리를 지나는 수평선이 만나는 지점에서 취혈한다.,"- 直刺 0.1～0.2寸

- 斜刺 0.1～0.2寸

- 三稜鍼으로 點刺出血",acupoint
LR2,LR,행간,行間,족궐음간경,"발등, 첫째와 둘째 발가락(the 1st and 2nd toes) 사이, 발샅 가장자리(web margin)에서 몸 쪽, 赤白肉際.","On the dorsum of the foot, between the 1st and 2nd toes, proximal to the web margin, at the border between the red and white flesh.",,"- 直刺 0.2～0.3寸

- 斜刺 0.5～1寸",acupoint
LR3,LR,태충,太衝,족궐음간경,"발등, 첫째와 둘째 발허리뼈(the 1st and 2nd metatarsal bones) 사이, 두발허리뼈의 바닥 연접부에서 먼 쪽 오목한 곳, 발등동맥(dorsalis pedis artery)이 뛰는 곳.","On the dorsum of the foot, between the 1st and 2nd metatarsal bones, in the depression distal to the junction of the bases of the 2 bones, over the dorsalis pedis artery.",손가락을 行間(LR2)에서부터 첫째와 둘째 발허리뼈 사이로 그 바닥을 향하여 몸 쪽으로 움직일 때 촉지되는 오목한 곳에서 취혈한다.,"- 直刺 0.3～0.5寸

- 斜刺 1～1.5寸

- 湧泉(KI1)으로 透刺하기도 함.",acupoint
LR4,LR,중봉,中封,족궐음간경,"발목 앞안쪽면, 앞정강근힘줄(tibialis anterior tendon) 안쪽, 안쪽복사(medial malleolus) 앞쪽의 오목한 곳.
※주 : 解谿(ST41)와 商丘(SP5)의 중간에 위치한다.","On the anteromedial aspect of the ankle, in the depression medial to the tibialis anterior tendon, anterior to the medial malleolus.
Note: LR4 is located midway between SP5 and ST41.",,"- 直刺 0.3～0.5寸

- 斜刺 0.5～1寸",acupoint
LR5,LR,여구,蠡溝,족궐음간경,"종아리 앞 안쪽면, 정강뼈 안쪽모서리(medial border of the tibia)의 중앙에 있으며, 안쪽복사 융기(prominence of the medial malleolus)에서 음릉천까지 13촌으로 정했을 때 안쪽복사 융기에서 몸 쪽으로 5寸되는 곳으로 뒤쪽의 築賓(KI9)과 같은 높이에 위치한다.","On the anteromedial aspect of the leg, at the center of the medial border (surface) of the tibia, 5 B-cun proximal to the prominence of the medial malleolus.
Note: LR5 is located at the same level as the upper 2/3 and lower 1/3 of the line connecting the apex of the patella with the prominence of the medial malleolus, at the center of the medial border (surface) of the tibia, at the same level as KI9.",,"- 0.3～0.5寸 直刺를 하거나 

- 脛骨 뒷면을 따라 0.5～1寸 斜刺를 하며 특히 

- 軀幹疾患에는 脛骨 뒷면을 따라 위쪽으로 1.5～2寸 斜刺",acupoint
LR6,LR,중도,中都,족궐음간경,"종아리 앞 안쪽면, 정강뼈 안쪽모서리(medial border of the tibia)의 중앙에 있으며, 안쪽복사 융기(prominence of the medial malleolus)에서 음릉천까지 13촌으로 정했을 때 안쪽복사 융기에서 몸 쪽으로 7寸되는 곳에 취혈한다.","On the anteromedial aspect of the leg, at the center of the medial border (surface) of the tibia, 7 B-cun proximal to the prominence of the medial malleolus.
Note: LR6 is located 0.5 B-cun inferior to the midpoint of the line connecting the apex of the patella with the prominence of the medial malleolus, at the center of the medial border (surface) of the tibia.",,"- 0.3～0.5寸 直刺

- 1～1.5 寸 斜刺",acupoint
LR7,LR,슬관,膝關,족궐음간경,"종아리 정강뼈쪽면, 정강뼈 안쪽관절융기(medial condyle of the tibia) 아래쪽으로, 陰陵泉(SP9)에서 뒤쪽으로 1寸부위에 해당됨.","On the tibial aspect of the leg, inferior to the medial condyle of the tibia, 1 B-cun posterior to SP9.",,"- 0.3～0.6寸 直刺

- 斜刺 1～1.5寸",acupoint
LR8,LR,곡천,曲泉,족궐음간경,"무릎 안쪽면, 오금주름(popliteal crease)의 안쪽끝에 해당되며, 무릎을 굽혔을 때, 다리오금주름 안쪽끝에서 가장 두드러지는 반힘줄모양근힘줄(semitendinosus tendon)과 반막모양근힘줄(semimembranosus tendon)의 안쪽 오목한 곳에 취혈함.","On the medial aspect of the knee, in the depression medial to the tendons of the semitendinosus and the semimembranosus muscles, at the medial end of the popliteal crease.
Note: With the knee flexed, LR8 is located in the depression medial to the most prominent tendon on the medial end of the popliteal crease.",,"- 0.3～0.8寸 直刺

- 斜刺 1～1.5寸",acupoint
LR9,LR,음포,陰包,족궐음간경,"넓적다리 안쪽면, 두덩정강근(gracilis muscle)과 넙다리빗근(sartorius muscle)의 사이, 무릎뼈 바닥(base of the patella)에서 몸쪽으로 4寸.","On the medial aspect of the thigh, between the gracilis and sartorius muscles, 4 B-cun proximal to the base of the patella.","근육에 긴장을 준 상태에서 엉덩이를 살짝 굽혀 외전하면, 넙다리빗근이 현저하게 드러난다. 넙다리빗근 뒤쪽에서 취혈한다.","- 直刺 0.5～0.7寸

- 斜刺 1.5～2寸",acupoint
LR10,LR,족오리,足五里,족궐음간경,"넓적다리 안쪽면, 氣衝(ST30)에서 먼쪽으로 3寸, 넙다리동맥(femoral artery)이 뛰는 곳.","On the medial aspect of the thigh, 3 B-cun distal to ST30, over the artery.",,"- 直刺 0.5～1寸

- 斜刺 0.5～1.5寸",acupoint
LR11,LR,음렴,陰廉,족궐음간경,"넓적다리 안쪽면, 氣衝(ST30)에서 먼쪽으로 2寸.","On the medial aspect of the thigh, 2 B-cun distal to ST30.","엉덩이를 약간 굽혀 외전하고, 무릎을 굽힌 상태에서 저항에 대항하여 넓적다리를 내전시키면, 긴모음근(adductor longus muscle)이 현저하게 드러난다. 긴모음근의 가쪽에서 취혈한다.","- 直刺 0.3～0.7寸

- 斜刺 0.5～1寸",acupoint
LR12,LR,급맥,急脈,족궐음간경,"샅부위(groin region), 두덩결합(pubic symphysis) 위모서리와 같은 높이, 앞정중선(anterior median line)에서 가쪽으로 2.5寸.","In the groin region, at the same level as the superior border of the pubic symphysis, and 2.5 B-cun lateral to the anterior median line.",,"- 直刺 0.3～0.5寸

- 斜刺 0.5～1寸 (血管을 피하여 신중히 刺入)",acupoint
LR13,LR,장문,章門,족궐음간경,"옆배, 열한째 갈비뼈끝(free extremity of the 11th rib)의 아래쪽.","On the lateral abdomen, inferior to the free extremity of the 11th rib.","옆으로 누워 팔을 머리 위쪽으로 올린 자세에서 취혈한다. 먼저 열째 갈비뼈 (the 10th rib)를 찾은 후, 갈비뼈활(costal arch) 아래모서리 바로 밑에서 열한째 갈비뼈끝을 찾아 취혈한다.","- 直刺 0.5～0.8寸 (不宜深刺)

- 斜刺 0.8～1寸",acupoint
LR14,LR,기문,期門,족궐음간경,"앞가슴부위, 여섯째 갈비사이공간(the 6th intercostal space), 앞정중선(anterior median line)에서 가쪽으로 4寸.","In the anterior thoracic region, in the 6th intercostal space, 4 B-cun lateral to the anterior median line.","젖꼭지(nipple) 중심에서 아래쪽, 不容(ST19)에서 가쪽으로 2寸에서 취혈한다. 여성의 경우, 빗장중간선(midclavicular line)과 여섯째 갈비사이공간이 만나는 지점에서 취혈하기도 한다.","- 直刺 0.2～0.3寸 (不宜深刺)

- 斜刺 0.5～0.8寸

- 주의 : 深刺하면 안 된다. 本穴의 右側은 肝臟, 左側은 脾下方에 있어, 모두 위쪽으로 深刺할 수 없다. 病人의 肌肉의 厚薄에 따라 손으로 완만히 눌러 刺入하고 “候氣爲先, 得氣爲度”에 도달하면 그친다.",acupoint
GV1,GV,장강,長强,독맥,"회음부위(perineal region), 꼬리뼈(coccyx) 아래쪽, 꼬리뼈끝과 항문(anus)을 연결하는 선의 중점.","In the perineal region, inferior to the coccyx, midway between the tip of the coccyx and the anus.",무릎을 꿇고 엎드리거나 혹은 무릎을 가슴에 대고 취혈한다.,"- 直刺 0.3～0.5寸

- 斜刺 1～1.5寸 (上方으로 향하여 尾骨과 直腸사이를 平行으로 刺入)",acupoint
GV2,GV,요수,腰兪,독맥,"엉치부위, 뒤정중선(posterior median line) 위, 엉치뼈틈새(sacral hiatus).","In the sacral region, at the sacral hiatus, on the posterior median line.",엉치뼈틈새는 항문(anus) 바로 위쪽에서 작고 오목하게 촉지된다.,"- 直刺 0.3～0.5寸

- 斜刺 0.5～1寸 (위로 향해)",acupoint
GV3,GV,요양관,腰陽關,독맥,"허리부위, 뒤정중선(posterior median line) 위, 넷째 허리뼈 가시돌기(spinous process of the 4th lumbar vertebra) 아래쪽 오목한 곳.","In the lumbar region, in the depression inferior to the spinous process of the 4th lumbar vertebra (L4), on the posterior median line.","먼저 양쪽 엉덩뼈능선(iliac crest)의 가장 높은 지점을 연결하는 선의 중점에서 넷째 허리뼈 가시돌기를 찾고, 그 아래쪽 오목한 곳에서 취혈한다.","- 直刺 0.3～0.5寸

- 斜刺 0.5～1寸 (약간 上向)",acupoint
GV4,GV,명문,命門,독맥,"허리부위, 뒤정중선(posterior median line) 위, 둘째 허리뼈 가시돌기(spinous process of the 2nd lumbar vertebra) 아래쪽 오목한 곳.","In the lumbar region, in the depression inferior to the spinous process of the 2nd lumbar vertebra (L2), on the posterior median line.",,"- 直刺 0.3～0.5寸

- 斜刺 1～1.5寸 (약간 上向으로 刺入)",acupoint
GV5,GV,현추,懸樞,독맥,"허리부위, 뒤정중선(posterior median line) 위, 첫째 허리뼈 가시돌기(spinous process of the 1st lumbar vertebra) 아래쪽 오목한 곳.","In the lumbar region, in the depression inferior to the spinous process of the 1st lumbar vertebra (L1), on the posterior median line.",,"- 直刺 0.3～0.5寸

- 斜刺 0.5～1.5寸 (약간 上向)",acupoint
GV6,GV,척중,脊中,독맥,"위쪽 등부위, 뒤정중선(posterior median line) 위, 열한째 등뼈 가시돌기(spinous process of the 11th thoracic vertebra) 아래쪽 오목한 곳.","In the upper back region, in the depression inferior to the spinous process of the 11th thoracic vertebra (T11), on the posterior median line.",,"- 直刺 0.3～0.5寸

- 斜刺 0.5～1寸 (약간 上向)",acupoint
GV7,GV,중추,中樞,독맥,"위쪽 등부위, 뒤정중선(posterior median line) 위, 열째 등뼈 가시돌기(spinous process of the 10th thoracic vertebra) 아래쪽 오목한 곳.","In the upper back region, in the depression inferior to the spinous process of the 10th thoracic vertebra (T10), on the posterior median line.",,"- 直刺 0.3～0.5寸

- 斜刺 0.5～1寸 (약간 上向)",acupoint
GV8,GV,근축,筋縮,독맥,"위쪽 등부위, 뒤정중선(posterior median line) 위, 아홉째 등뼈 가시돌기(spinous process of the 9th thoracic vertebra) 아래쪽 오목한 곳.","In the upper back region, in the depression inferior to the spinous process of the 9th thoracic vertebra (T9), on the posterior median line.",,"- 直刺 0.3～0.5寸

- 斜刺 0.5～1寸 (약간 上向)",acupoint
GV9,GV,지양,至陽,독맥,"위쪽 등부위, 뒤정중선(posterior median line) 위, 일곱째 등뼈 가시돌기(spinous process of the 7th thoracic vertebra) 아래쪽 오목한 곳.","In the upper back region, in the depression inferior to the spinous process of the 7th thoracic vertebra (T7), on the posterior median line.",양쪽 어깨뼈 아래각(inferior angle of the scapula) 아래모서리를 지나는 수평선과 뒤정중선(posterior median line)이 만나는 지점이 일곱째 등뼈(the 7th thoracic vertebra)가 된다. 그 가시돌기 아래쪽 오목한 곳에서 취혈한다.,"- 直刺 0.3～0.5寸

- 斜刺 0.7～1寸 (약간 上向)",acupoint
GV10,GV,영대,臺,독맥,"위쪽 등부위, 뒤정중선(posterior median line) 위, 여섯째 등뼈 가시돌기(spinous process of the 6th thoracic vertebra) 아래쪽 오목한 곳.","In the upper back region, in the depression inferior to the spinous process of the 6th thoracic vertebra (T6), on the posterior median line.",,"- 直刺 0.3～0.5寸

- 斜刺 0.5～1寸 (약간 上向)",acupoint
GV11,GV,신도,神道,독맥,"위쪽 등부위, 뒤정중선(posterior median line) 위, 다섯째 등뼈 가시돌기(spinous process of the 5th thoracic vertebra) 아래쪽 오목한 곳.","In the upper back region, in the depression inferior to the spinous process of the 5th thoracic vertebra (T5), on the posterior median line.",- 斜刺 0.5～1寸 (鍼尖을 약간 上向하여 刺入),,acupoint
GV12,GV,신주,身柱,독맥,"위쪽 등부위, 뒤정중선(posterior median line) 위, 셋째 등뼈 가시돌기(spinous process of the 3rd thoracic vertebra) 아래쪽 오목한 곳.","In the upper back region, in the depression inferior to the spinous process of the 3rd thoracic vertebra (T3), on the posterior median line.",어깨뼈가시(spine of the scapula) 안쪽끝을 지나는 수평선과 뒤정중선(posterior median line)이 만나는 지점이 셋째 등뼈(the 3th thoracic vertebra)가 된다. 그 가시돌기 아래쪽 오목한 곳에서 취혈한다.,"- 直刺 0.3～0.5寸

- 斜刺 0.5～1寸 (鍼尖을 약간 上向하여 刺入)",acupoint
GV13,GV,도도,陶道,독맥,"위쪽 등부위, 뒤정중선(posterior median line) 위, 첫째 등뼈 가시돌기(spinous process of the 1st thoracic vertebra) 아래쪽 오목한 곳.","In the upper back region, in the depression inferior to the spinous process of the 1st thoracic vertebra (T1), on the posterior median line.",,"- 直刺 0.3～0.5寸

- 斜刺 0.5～1寸 (약간 上向)",acupoint
GV14,GV,대추,大椎,독맥,"목 뒤부위, 뒤정중선(posterior median line) 위, 일곱째 목뼈 가시돌기(spinous process of the 7th cervical vertebra) 아래쪽 오목한 곳.","In the posterior region of the neck, in the depression inferior to the spinous process of the 7th cervical vertebra (C7), on the posterior median line.","앉은 상태에서 목에 힘을 빼고 고개를 숙이면, 목 뒤쪽면에서 가장 높이 튀어 나온 곳이 일곱째 목뼈 가시돌기이다. 목을 약간 숙인 상태에서 머리를 좌우로 돌리면 등뼈는 움직이지 않고, 목뼈는 움직인다. 일곱째목뼈가시돌기 아래쪽 오목한 곳에서 취혈한다.","- 直刺 0.3～0.5寸

- 斜刺 0.5～1寸 (약간 上向)",acupoint
GV15,GV,아문,瘂門,독맥,"목 뒤부위, 뒤정중선(posterior median line), 둘째 목뼈 가시돌기(spinous process of the 2nd cervical vertebra)
위쪽 오목한 곳.","In the posterior region of the neck, in the depression superior to the spinous process of the 2nd cervical vertebra (C2), on the posterior median line.","風府(GV16)를 먼저 취혈하고, 風府(GV16) 아래쪽 0.5寸에서 취혈한다.","- 直刺 0.3～0.5寸

- 斜刺 0.5～1寸 (口部와 耳垂의 水平位를 기준으로 刺入)

- 不宜深刺 (深部에 延髓가 있으므로 不可深刺)",acupoint
GV16,GV,풍부,風府,독맥,"목 뒤부위, 바깥뒤통수뼈융기(external occipital protuberance)에서 수직으로 아래쪽, 양쪽 등세모근(trapezius muscle) 사이의 오목한 곳.","In the posterior region of the neck, directly inferior to the external occipital protuberance, in the depression between the trapezius muscles.","앉은 상태에서 머리를 약간 뒤로 젖히고, 등세모근의 힘을 뺀 자세에서, 後髮際(posterior hairline)의 중점에서 뒤통수뼈(occipital bone)를 향해 손가락을 움직여 오목한 곳에서 취혈한다.","- 直刺 0.3～0.5寸

- 斜刺 0.5～0.8寸

- 不宜深刺 (深部에 延髓가 있으므로 不可深刺)",acupoint
GV17,GV,뇌호,腦戶,독맥,"머리, 뒤정중선(posterior median line) 위, 바깥뒤통수뼈융기(external occipital protuberance) 위쪽 오목한 곳.","On the head, in the depression superior to the external occipital protuberance.
Note: GV17 is located in the depression at the intersection of 2 imaginary lines: the vertical line of the posterior median line and the horizontal line of the superior border of the external occipital protuberance, at the same level as BL9 (玉枕).",,"- 直刺 0.2～0.3寸

- 斜刺 0.5～0.8寸 (피부를 따라 刺入하며, 玉枕(BL9)으로 透刺하여도 좋다.)",acupoint
GV18,GV,강간,强間,독맥,"머리, 뒤정중선(posterior median line) 위, 後髮際(posterior hairline)에서 위쪽으로 4寸.","On the head, 4 B-cun superior to the posterior hairline, on the posterior median line.
Note: GV18 is located in the depression 1.5 B-cun superior to GV17.",,"- 直刺 0.2～0.3寸

- 斜刺 0.5～1寸 (鍼尖을 沿皮하여 刺入, 絡却(BL8)으로 透刺하여도 좋다)",acupoint
GV19,GV,후정,後頂,독맥,"머리, 뒤정중선(posterior median line) 위, 後髮際(posterior hairline)에서 위쪽으로 5.5寸.","On the head, 5.5 B-cun superior to the posterior hairline, on the posterior median line.
Note: GV19 is located 1.5 B-cun posterior to GV20.",,"- 直刺 0.2～0.3寸

- 斜刺 0.5～0.8寸 (鍼尖을 沿皮하여 刺入)",acupoint
GV20,GV,백회,百會,독맥,"머리, 앞정중선(anterior median line) 위, 前髮際(anterior hairline)에서 위 쪽으로 5寸.","On the head, 5 B-cun superior to the anterior hairline, on the anterior median line.
Note 1: GV20 is located in the depression 1 B-cun anterior to the midpoint of the line from the anterior hairline to the posterior hairline.
Note 2: When the ears are folded, GV20 is located at the midpoint of the connecting line between the auricular apices.",,"- 橫刺 0.5～1.5寸 (前後 혹은 左右로 皮下를 沿해 橫刺入)

- 直刺 0.2～0.3寸",acupoint
GV21,GV,전정,前頂,독맥,"머리, 앞정중선(anterior median line) 위, 前髮際(anterior hairline)에서 위쪽으로 3.5寸.","On the head, 3.5 B-cun superior to the anterior hairline, on the anterior median line.
Note: GV21 is located at the midpoint of the line connecting GV20 and GV22.",,"- 直刺 0.2～0.3寸

- 斜刺 0.5～0.8寸 (承光(BL6)이나 目窓(GB16)으로 皮下를 沿하여 橫透刺해도 좋다)",acupoint
GV22,GV,신회,顖會,독맥,"머리, 앞정중선(anterior median line) 위, 前髮際(anterior hairline)에서 위쪽으로 2寸.","On the head, 2 B-cun superior to the anterior hairline, on the anterior median line.",,"- 刺 0.2～0.3寸

- 斜刺 0.5～0.8寸 (鍼尖을 沿皮하여 刺入)

- 顖門이 닫히지 않은 小兒는 禁鍼",acupoint
GV23,GV,상성,上星,독맥,"머리, 앞정중선(anterior median line) 위, 前髮際(anterior hairline)에서 위쪽으로 1寸.","On the head, 1 B-cun superior to the anterior hairline, on the anterior median line.",,"- 直刺 0.2～0.3寸

- 斜刺 0.5～0.8寸 (鍼尖을 沿皮하여 刺入)

- 三稜鍼으로 點刺出血",acupoint
GV24,GV,신정,神庭,독맥,"머리, 앞정중선(anterior median line) 위, 前髮際(anterior hairline)에서 위쪽으로 0.5寸.","On the head, 0.5 B-cun superior to the anterior hairline, on the anterior median line.",前髮際가 뚜렷하지 않을 때에는 양쪽 눈썹 안쪽끝(medial ends of the eyebrows) 사이의 중점에서 위쪽으로 3.5寸이 되는 지점에서 취혈한다.,"- 直刺 0.2～0.3寸

- 斜刺 0.5～0.8寸 (鍼尖을 沿皮하여 刺入)",acupoint
GV25,GV,소료,素髎,독맥,"얼굴, 코끝.","On the face, at the tip of the nose.",,"- 直刺 0.1～0.2寸

- 斜刺 0.2～0.3寸 (鼻尖端에서 斜上方으로 刺入)

- 三稜鍼으로 點刺出血",acupoint
GV26,GV,수구,水溝,독맥,"얼굴, 인중 정중선(philtrum midline) 의 중점.
※참고 : 水溝(GV26)의 부위가 인중 정중선에서 위쪽으로부터 1/3과 아래쪽으로부터 2/3가 되는 지점이라는 의견도 있다.","On the face, at the midpoint of the philtrum midline.
Remarks: Alternative location for GV26 – At the junction of the upper 1/3 and lower 2/3 of the philtrum midline.",,"- 直刺 0.2～0.3寸

- 斜刺 0.3～0.5寸 (鍼尖을 약간 下에서 上方을 향해 刺入)

- 三稜鍼으로 流涎症 치료시는 鼻中隔을 향해 刺入했다가 皮下까지 退鍼하여 다시 左右의 鼻翼을 향해 刺入",acupoint
GV27,GV,태단,兌端,독맥,"얼굴, 윗입술결절(tubercle of the upper lip)의 중점.","On the face, at the midpoint of the tubercle of the upper lip.",인중 고랑 아랫부분과 붉은 입술이 이루는 경계선의 중점에서 취혈한다.,"- 直刺 0.1～0.3寸

- 斜刺 0.2～0.3寸",acupoint
GV28,GV,은교,齦交,독맥,"얼굴, 위입술주름띠(frenulum of the upper lip)와 위잇몸(upper gum)이 만나는 지점.","On the face, at the junction of the frenulum of the upper lip with the upper gum.","앉은 자세에서 머리를 젖히고 위입술을 들어올려, 위입술주름띠와 위잇몸이 만나는 지점에서 취혈한다.","- 直刺 0.1～0.2寸

- 斜刺 0.1～0.3寸 (鍼尖을 上向하여 刺入)

- 三稜鍼으로 點刺出血",acupoint
CV1,CV,회음,會陰,임맥,"회음부위(perineal region), 남성은 항문(anus)과 음낭 뒤모서리(posterior border of the scrotum)를 연결하는 선의 중점, 여성은 항문(anus)과 뒤 대음순연결(posterior commissure of labium majoris)을 연결하는 선의 중점.","In the perineal region, at the midpoint of the line connecting the anus with the posterior border of the scrotum in males and the posterior commissure of the labium majoris in females.","옆으로 눕거나, 무릎을 굽혀서 가슴에 댄 자세에서, 항문과 생식기 사이의 중점에서 취혈한다.","- 直刺 0.3～1寸 (鍼灸甲乙經 : 2寸)

- 禁鍼 (鍼灸大成)",acupoint
CV2,CV,곡골,曲骨,임맥,"아랫배, 앞정중선(anterior median line)위, 두덩결합(pubic symphysis) 위모서리.","On the lower abdomen, superior to the pubic symphysis, on the anterior median line.",,"- 直刺 0.5～1寸

- 孕婦不宜鍼 (『鍼灸大成』 : “不宜鍼”)",acupoint
CV3,CV,중극,中極,임맥,"아랫배, 앞정중선(anterior median line) 위, 배꼽(umbilicus) 중심에서 아래쪽으로 4寸.","On the lower abdomen, 4 B-cun inferior to the centre of the umbilicus, on the anterior median line.",,- 直刺 0.5～1寸,acupoint
CV4,CV,관원,關元,임맥,"아랫배, 앞정중선(anterior median line) 위, 배꼽(umbilicus) 중심에서 아래쪽으로 3寸.","On the lower abdomen, 3 B-cun inferior to the centre of the umbilicus, on the anterior median line.",,"- 直刺 0.5～1寸

- 斜刺 0.8～1.2寸

- 孕婦禁鍼",acupoint
CV5,CV,석문,石門,임맥,"아랫배, 앞정중선(anterior median line) 위, 배꼽(umbilicus) 중심에서 아래쪽으로 2寸.","On the lower abdomen, 2 B-cun inferior to the centre of the umbilicus, on the anterior median line.",,"- 直刺 0.5～1寸

- 斜刺 0.8～1.2寸

- 婦人禁鍼禁灸",acupoint
CV6,CV,기해,氣海,임맥,"아랫배, 앞정중선(anterior median line) 위, 배꼽(umbilicus) 중심에서 아래쪽으로 1.5寸.","On the lower abdomen, 1.5 B-cun inferior to the centre of the umbilicus, on the anterior median line.",,"- 直刺 0.5～1寸

- 斜刺 0.8～1.2寸 (向下)",acupoint
CV7,CV,음교,陰交,임맥,"아랫배, 앞정중선(anterior median line) 위, 배꼽(umbilicus) 중심에서 아래쪽으로 1寸.","On the lower abdomen, 1 B-cun inferior to the centre of the umbilicus, on the anterior median line.",,"- 直刺 0.5～1寸

- 斜刺 0.8～1.2寸",acupoint
CV8,CV,신궐,神闕,임맥,"윗배, 배꼽(umbilicus)의 중심.","On the upper abdomen, in the centre of the umbilicus.",,- 禁鍼穴,acupoint
CV9,CV,수분,水分,임맥,"윗배, 앞정중선(anterior median line) 위, 배꼽(umbilicus) 중심에서 위쪽으로 1寸.","On the upper abdomen, 1 B-cun superior to the centre of the umbilicus, on the anterior median line.",,"- 直刺 0.5～1寸

- 斜刺 0.8～1.2寸

- 水病者 禁鍼, 宜灸",acupoint
CV10,CV,하완,下脘,임맥,"윗배, 앞정중선(anterior median line) 위, 배꼽(umbilicus) 중심에서 위쪽으로 2寸.","On the upper abdomen, 2 B-cun superior to the centre of the umbilicus, on the anterior median line.",,"- 直刺 0.5～1寸

- 斜刺 0.8～1.2寸",acupoint
CV11,CV,건리,建里,임맥,"윗배, 앞정중선(anterior median line) 위, 배꼽(umbilicus) 중심에서 위쪽으로 3寸.","On the upper abdomen, 3 B-cun superior to the centre of the umbilicus, on the anterior median line.",,"- 直刺 0.5～1寸

- 斜刺 0.8～1.2寸",acupoint
CV12,CV,중완,中脘,임맥,"윗배, 앞정중선(anterior median line) 위, 배꼽(umbilicus) 중심에서 위쪽으로 4寸.","On the upper abdomen, 4 B-cun superior to the centre of the umbilicus, on the anterior median line.",배꼽과 칼몸통결합(xiphisternal junction)을 연결하는 선의 중점에서 취혈한다.,"- 直刺 0.5～1寸

- 斜刺 1～1.5寸 (兩側 前下方으로 주위의 穴을 향해 斜刺할 수 있다)",acupoint
CV13,CV,상완,上脘,임맥,"윗배, 앞정중선(anterior median line) 위, 배꼽(umbilicus) 중심에서 위쪽으로 5寸.","On the upper abdomen, 5 B-cun superior to the centre of the umbilicus, on the anterior median line.",,"- 直刺 0.5～1寸

- 斜刺 0.8～1.2寸",acupoint
CV14,CV,거궐,巨闕,임맥,"윗배, 앞정중선(anterior median line) 위, 배꼽(umbilicus) 중심에서 위쪽으로 6寸.","On the upper abdomen, 6 B-cun superior to the centre of the umbilicus, on the anterior median line.",,"- 直刺 4～8分 (不宜深刺)

- 斜刺 0.5～1寸",acupoint
CV15,CV,구미,鳩尾,임맥,"윗배, 앞정중선(anterior median line) 위, 칼몸통결합(xiphisternal junction)에서 아래쪽으로 1寸.","On the upper abdomen, 1 B-cun inferior to the xiphisternal junction, on the anterior median line.",,"- 直刺 0.3～0.5寸

- 斜刺 0.5～1寸 (약간 向下)

- 禁鍼 (鍼灸甲乙經)

- 不宜深刺 (深刺하여 腹腔이나 胸腔까지 刺入해서는 안 된다.)",acupoint
CV16,CV,중정,中庭,임맥,"앞가슴부위, 앞정중선(anterior median line) 위, 칼몸통결합(xiphisternal junction)의 중점.","In the anterior thoracic region, at the midpoint of the xiphisternal junction, on the anterior median line.",,"- 直刺 0.2～0.3寸

- 斜刺 0.3～0.5寸 (下方으로 향해 皮下를 沿해 刺入)",acupoint
CV17,CV,단중,膻中,임맥,"앞가슴부위, 앞정중선(anterior median line) 위, 넷째 갈비사이공간(the 4th intercostal space)과 같은 높이.","In the anterior thoracic region, at the same level as the 4th intercostals space, on the anterior median line.",남성은 양쪽 젖꼭지를 연결하는 선의 중점에서 취혈하기도 한다.,"- 直刺 0.3～0.5寸

- 斜刺 0.5～1寸 (向下 혹은 兩乳房을 향해 皮下를 沿해 刺入)

- 禁鍼 (明堂)",acupoint
CV18,CV,옥당,玉堂,임맥,"앞가슴부위, 앞정중선(anterior median line) 위, 셋째 갈비사이공간(the 3rd intercostal space)과 같은 높이.","In the anterior thoracic region, at the same level as the 3rd intercostals space, on the anterior median line.",,"- 直刺 0.2～0.3寸

- 斜刺 0.3～0.5寸 (下方으로 향해 皮下를 沿해 刺入)",acupoint
CV19,CV,자궁,紫宮,임맥,"앞가슴부위, 앞정중선(anterior median line) 위, 둘째 갈비사이공간(the 2nd intercostal space)과 같은 높이.","In the anterior thoracic region, at the same level as the 2nd intercostal space, on the anterior median line.",,"- 直刺 0.2～0.3寸

- 斜刺 0.3～0.5寸 (下方으로 향해 皮下를 沿해 刺入)",acupoint
CV20,CV,화개,華蓋,임맥,"앞가슴부위, 앞정중선(anterior median line) 위, 첫째 갈비사이공간(the 1st intercostal space)과 같은 높이.","In the anterior thoracic region, at the same level as the 1st intercostals space, on the anterior median line.",,"- 直刺 0.2～0.3寸

- 斜刺 0.3～0.5寸 (下方으로 향해 皮下를 沿해 刺入)",acupoint
CV21,CV,선기,璇璣,임맥,"앞가슴부위, 앞정중선(anterior median line) 위, 목아래패임(suprasternal fossa)에서 아래쪽으로 1寸.","In the anterior thoracic region, 1 B-cun inferior to the suprasternal fossa, on the anterior median line.
Note: CV21 is located 1 B-cun inferior to CV22.",,"- 直刺 0.2～0.3寸

- 斜刺 0.3～0.5寸 (下方으로 향해 皮下를 沿해 刺入)",acupoint
CV22,CV,천돌,天突,임맥,"목앞부위, 앞정중선(anterior median line) 위, 목아래패임(suprasternal fossa)의 중심.","In the anterior region of the neck, in the centre of the suprasternal fossa, on the anterior median line.",양쪽 빗장뼈(clavicle)의 안쪽끝 사이의 중점 오목한 곳에서 취혈한다.,"- 橫刺 : 먼저 直刺로 0.2～0.3寸 刺入한 후 다시 아래로 향해 橫刺로 바꾸어 胸骨柄 後 氣管 前緣을 沿해서 0.7～1寸 刺入

- 直刺 0.3～0.5寸 (深刺하여 氣管을 刺傷하지 말아야 한다)",acupoint
CV23,CV,염천,廉泉,임맥,"목 앞부위, 앞정중선(anterior median line) 위, 방패연골(thyroid cartilage) 위모서리 위쪽, 목뿔뼈(hyoid bone) 위쪽의 오목한 곳.","In the anterior region of the neck, superior to the superior border of the thyroid cartilage, in the depression superior to the hyoid bone, on the anterior median line.","머리를 약간 뒤로 젖히면, 방패연골(thyroid cartilage)과 아래턱뼈(mandible) 사이에서 목뿔뼈결절(hyoid tubercle)이 촉지되는데, 목뿔뼈 위쪽의 오목한 곳에서 취혈한다.","- 直刺 0.2～0.3寸

- 斜刺 0.5～1寸 (약간 上方으로 舌根部를 향해 刺入)",acupoint
CV24,CV,승장,承漿,임맥,"얼굴, 턱끝입술고랑(mentolabial sulcus) 가운데의 오목한 곳.","On the face, in the depression in the centre of the mentolabial sulcus.",,"- 直刺 0.2～0.3寸

- 斜刺 0.3～0.5寸 (前下方에서 後上方을 향해 刺入)",acupoint
EX-HN1,EX-HN,사신총,四神聰,경외기혈,百會(GV20)에서 前後左右 各 1寸에 위치하는 4개의 穴.,,"바르게 앉아서 머리를 들고 먼저 百會를 取한 다음, 百會에서 前後左右의 各 1寸 거리에 있는 4개의 穴을 취혈한다.",- 橫刺 0.5～0.8寸,acupoint
EX-HN2,EX-HN,당양,當陽,경외기혈,"머리 앞부분, 동공 바로 위 髮際에서 1寸 올라간 부위.",,"눈은 정면을 바라보고, 동공 바로 위 髮際에서 1寸 올라간 부위에서 취혈한다. 頭臨泣(GB15)에서 위로 0,5寸에 위치한다.",- 橫刺 0.5～0.8寸,acupoint
EX-HN3,EX-HN,인당,印堂,경외기혈,이마에서 두 눈썹 사이.,,이마에서 두 눈썹 사이의 오목한 곳을 취혈한다.,"- 橫刺 0.3～0.5寸

- 三稜鍼으로 點刺出血.",acupoint
EX-HN4,EX-HN,어요,魚腰,경외기혈,"머리의 이마부위(frontal region), 동공(pupil) 바로 위의 눈썹 중앙 부위.",,"앞을 똑바로 바라보고, 동공(pupil) 바로 위의 눈썹 중앙 부위에서 취혈한다.",- 橫刺 0.3～0.5寸,acupoint
EX-HN5,EX-HN,태양,太陽,경외기혈,눈썹 바깥쪽 끝과 目外眥의 중점으로부터 뒤로 1寸.,,,"- 直刺 0.3～0.5寸

- 三稜鍼으로 點刺出血",acupoint
EX-HN6,EX-HN,이첨,耳尖,경외기혈,귀의 꼭대기.,,귀를 접어서 그 꼭대기가 頭皮에 닿는 곳에 취혈한다.,"- 直刺 0.1～0.2寸

- 三稜鍼으로 點刺出血",acupoint
EX-HN7,EX-HN,구후,球後,경외기혈,눈확 아래 모서리에서 바깥쪽 1/4와 안쪽 3/4의 지점.,,,- 눈확 아래 모서리에서 바깥쪽아래로부터 안쪽위로 0.5～1寸 刺入.,acupoint
EX-HN8,EX-HN,상영향,上迎香,경외기혈,코연골과 코선반능선이 만나는 곳으로 鼻唇溝(nasolabial fold)의 위쪽 끝 지점.,,,- 斜刺 0.3～0.5寸(向內上方),acupoint
EX-HN9,EX-HN,내영향,內迎香,경외기혈,콧구멍 안에서 코연골과 코선반능선이 만나는 점막부위.,,,"- 三稜鍼으로 點刺出血하며, 出血이 잦은 사람은 禁忌한다.",acupoint
EX-HN10,EX-HN,취천,聚泉,경외기혈,舌의 背側 정중선의 중점.,,혀를 내밀어서 背側面 정중선의 중점에서 취혈한다.,"- 直刺 0.1～0.2寸

- 舌强, 舌苔에는 點刺出血",acupoint
EX-HN11,EX-HN,해천,海泉,경외기혈,舌下 系帶의 중점.,,혀를 위로 말아서 舌系帶 중점의 靜脈部位에서 취혈한다.,"- 直刺 0.1～0.2寸

- 舌强, 舌苔에는 點刺出血",acupoint
EX-HN12,EX-HN,금진,金津,경외기혈,"舌下의 舌系帶 兩側 靜脈部位로, 左側을 金津, 右側을 玉液이라 한다.",,"혀를 위로 말아서 舌下의 舌系帶 兩側 靜脈에서 左側을 金津, 右側을 玉液으로 취혈한다.",- 點刺出血,acupoint
EX-HN13,EX-HN,옥액,玉液,경회기혈,"舌下의 舌系帶 兩側 靜脈部位로, 左側을 金津, 右側을 玉液이라 한다.",,"혀를 위로 말아서 舌下의 舌系帶 兩側 靜脈에서 左側을 金津, 右側을 玉液으로 취혈한다.",- 點刺出血,acupoint
EX-HN14,EX-HN,예명,翳明,경외기혈,風池(GB20)과 翳風(TE17)의 중간지점.,,,- 直刺 0.7～1.5寸,acupoint
EX-HN15,EX-HN,백로,百勞,경외기혈,大椎(GV14)에서 위로 2寸에서 가쪽 1寸의 2穴.,,,- 直刺 0.5～1寸,acupoint
EX-CA1,EX-CA,자궁,子宮,경외기혈,"아랫배부위(hypogastric region), 배꼽 (umbilicus) 아래 4寸, 앞정중선(anterior median line) 가쪽으로 3寸.",,中極(CV3) 가쪽 3寸에서 취혈한다.,直刺 1～1.5寸,acupoint
EX-B1,EX-B,정천,定喘,경외기혈,일곱째목뼈가시돌기 아래에서 가쪽으로 0.5寸.,,大椎(GV14) 가쪽 0.5寸에서 취혈한다.,- 直刺 0.5～1寸,acupoint
EX-B2,EX-B,협척,夾脊,경외기혈,"등의 척주부위(vertebral region of back), 첫째등뼈부터 다섯째허리뼈까지의 가시돌기 아래에서 가쪽 0.5寸에 위치한 17개의 穴로, 양쪽 합하여 34개의 穴.",,,"- 直刺 0.3～0.5寸

- 斜刺 1～1.5寸",acupoint
EX-B3,EX-B,위완하수,胃脘下兪,경외기혈,"등 부분(back region), 여덟째등뼈 가시돌기 아래에서 가쪽 1.5寸.",,여덟째등뼈 가시돌기 아래에서 가쪽 1.5寸에서 취혈한다. 膈兪(BL17)와 肝兪(BL18)의 중간지점에 해당한다.,- 斜刺 0.3～0.5寸,acupoint
EX-B4,EX-B,비근,痞根,경외기혈,"등의 척주부위(vertebral region of back), 첫째허리뼈의 가시돌기 아래에서 가쪽으로 3.5寸.",,,- 直刺 0.5～1寸,acupoint
EX-B5,EX-B,하극수,下極兪,경외기혈,"등의 척주부위(vertebral region), 뒤 정중선(posterior median line) 상에서 셋째 허리뼈(the 3rd lumbar vertebra)
의 가시돌기(spinous process) 아래 오목한 곳.",,"腰陽關(GV3)에서 위로 한 개의 가시돌기를 지나, 위쪽의 오목한 곳이다. 氣海兪(BL24)와 같은 높이에 있다.",- 直刺 0.5～1寸,acupoint
EX-B6,EX-B,요의,腰宜,경외기혈,"등의 척주부위(vertebral region), 넷째 허리뼈(the 4th lumbar vertebra)의 가시돌기(spinous process) 아래에서 가쪽 3寸 부위.",,腰陽關(GV3) 가쪽 3寸에서 취혈한다. 大腸兪(BL25)와 같은 높이에 있다.,- 直刺 0.3～1寸,acupoint
EX-B7,EX-B,요안,腰眼,경외기혈,"등의 척주부위(vertebral region of back), 넷째 허리뼈(the 4th lumbar vertebra)의 가시돌기 아래에서 가쪽으로 3～4寸의 움푹 들어간 지점.",,,- 直刺 1～1.5寸,acupoint
EX-B8,EX-B,십칠추,十七椎,경외기혈,"등의 척주부위(vertebral region of back), 다섯째 허리뼈(the 5th lumbar vertebra)의 가시돌기 아래 오목한 곳.",,腰陽關(GV3)에서 척추 가시돌기 하나만큼 아래로 내려와서 취혈한다.,- 直刺 0.5～1寸,acupoint
EX-B9,EX-B,요기,腰奇,경외기혈,"등의 엉치부위(sacral region of back), 尾骨尖에서 위로 2寸.",,꼬리뼈 끝에서 위로 2寸 지점에서 취혈한다. 엉치뼈의 둘째와 셋째 가시돌기 사이에 해당한다.,"- 0.3寸 直刺한 후, 위로 향하여 2～2.5寸 정도 橫刺한다. 酸麻感이 위로 확산되면 30분간 留鍼한다.",acupoint
EX-UE1,EX-UE,주첨,肘尖,경외기혈,"위팔의 뒷면(post. part of arm), 자뼈팔꿈치머리에서 뾰족하게 튀어나온 곳.",,"팔을 굽혔을 때, 팔꿈치 끝에서 뾰족하게 튀어나온 지점을 취혈한다.",- 艾炷灸 3～7壯,acupoint
EX-UE2,EX-UE,이백,二白,경외기혈,"아래팔앞부위(front of forearm), 손바닥쪽 손목주름 위로 4寸에서 노쪽손 목굽힘근(flexor carpi radialis m.)의 안쪽과 가쪽의 2穴로 좌우 모두 4穴.",,,- 直刺 0.5～0.8寸,acupoint
EX-UE3,EX-UE,중천,中泉,경외기혈,"손등쪽 손목주름(the dorsal wrist crease) 위, 陽谿(LI5)와 陽池(TE4)의 중간지점.",,"손바닥을 아래로 하고, 陽谿(LI5)와 陽池(TE4)의 중간지점의 오목한 곳에서 취혈한다.",- 直刺 0.3～0.5寸,acupoint
EX-UE4,EX-UE,중괴,中魁,경외기혈,가운데손가락의 몸쪽손가락뼈사이관절(proximal interphalangeal joint)에서 등쪽 중앙지점.,,"손가락을 굽히고, 가운데손가락의 몸쪽손가락뼈사이관절(proximal interphalangeal joint)에서 등쪽 중앙을 취혈한다.
※주: 가운데손가락의 먼쪽손가락뼈사이관절(distal interphalangeal joint)의 등쪽 중앙을 취하기도 한다.",- 艾炷灸 3～7壯,acupoint
EX-UE5,EX-UE,대골공,大骨空,경외기혈,엄지손가락의 손가락뼈사이관절(interphalangeal joint)의 배측면의 중앙.,,"엄지손가락을 굽히고, 엄지손가락의 손가락뼈사이관절(手指節間關節)에서 등쪽 중앙을 취혈한다.",- 艾炷灸 3～5壯,acupoint
EX-UE6,EX-UE,소골공,小骨空,경외기혈,새끼손가락의 몸쪽손가락뼈사이관절(proximal interphalangeal joint)의 배측면의 중앙.,,"새끼손가락을 굽히고, 새끼손가락의 몸쪽손가락뼈사이관절(proximal interphalangeal joint)에서 등쪽 중앙을 취혈한다.
※주: 새끼손가락의 먼쪽손가락뼈사이관절(distal interphalangeal joint)의 등쪽 중앙을 취하기도 한다.",- 艾炷灸 3～5壯,acupoint
EX-UE7,EX-UE,요통점,腰痛點,경외기혈,"손등에서, 둘째와 셋째 손허리뼈(the 2nd & 3rd metacarpal bone) 사이에서 둘째 손허리뼈사이관절(the 2nd intermetacarpal joint) 앞의 오목한 곳이 1穴이고, 넷째와 다섯째 손허리뼈(the 4th&5th metacarpal b.) 사이에서 넷째 손허리뼈사이관절(the 4th intermetacarpal joint) 앞의 오목한 곳이 1穴이 되어 모두 2穴이 된다. 좌우 모두 4穴이 있다.",,,"- 斜刺 0.3～0.5寸.

- 麻‧酸感이 손가락 끝에 이르도록 한다.",acupoint
EX-UE8,EX-UE,외노궁,外宮,경외기혈,"손등부위(dorsal part of hand), 勞宮(PC8)의 맞은편 지점.",,,直刺 0.3～0.5寸,acupoint
EX-UE9,EX-UE,팔사,八邪,경외기혈,"손등부위(dorsal part of hand), 다섯 손허리손가락관절 사이의 오목한 부위 4개의 穴로, 손등과 손바닥의 경계면.",,"주먹을 가볍게 쥐고, 손바닥을 아래로 향하여 다섯 손허리손가락관절 사이의 오목한 부위 4개의 穴(左右 모두 8穴)로 손등과 손바닥의 경계면에서 취혈한다.",- 艾炷灸 5～7壯,acupoint
EX-UE10,EX-UE,사봉,四縫,경외기혈,"둘째‧셋째‧넷째‧다섯째손가락의 중간마디와 끝마디 손가락사이관절의 바닥쪽 중앙지점.
※주 : 둘째‧셋째‧넷째‧다섯째손가락의 중간마디와 몸쪽마디 손가락사이관절의 바닥쪽 중앙지점에서 취하기도 한다.",,,"- 直刺 0.1～0.2寸

- 三稜鍼으로 點刺하여 黃白色의 투명한 점액을 少量 放出

- 三稜鍼으로 點刺出血",acupoint
EX-UE11,EX-UE,십선,十宣,경외기혈,열손가락 끝에 위치하며 손톱에서 0.1寸 떨어진 지점.,,,"- 直刺 0.1～0.2寸

- 三稜鍼으로 點刺出血",acupoint
EX-LE1,EX-LE,관골,髖骨,경외기혈,넙다리뼈 앞쪽에서 梁丘(ST34)의 양쪽 1.5寸의 2穴. 좌우 모두 4穴.,,,- 直刺 0.5～1寸,acupoint
EX-LE2,EX-LE,학정,鶴頂,경외기혈,"무릎 위, 무릎뼈바닥(base of patellae) 중간지점 위의 오목한 곳.",,"무릎을 굽힌 후, 무릎뼈바닥 중간지점 위의 오목한 곳에서 취혈한다.",- 直刺 0.5～0.8寸,acupoint
EX-LE3,EX-LE,백충와,百蟲窩,경외기혈,"넓적다리의 안쪽, 무릎뼈바닥(base of patellae) 안쪽끝에서 위로 3寸.",,"환자로 하여금 바르게 앉아 무릎을 굽히게 하거나 또는 바로 누워 무릎을 편 후, 무릎뼈바닥 안쪽끝에서 위로 3寸의 지점을 취혈한다.",- 直刺 0.5～1寸,acupoint
EX-LE4,EX-LE,내슬안,內膝眼,경외기혈,"무릎부위, 무릎뼈 아래모서리, 무릎인대(ligamentum patellae)의 안쪽 오목한 곳.",,"무릎을 45° 구부리고, 무릎뼈 안쪽 아래의 오목한 곳에서 취혈한다.","- 무릎 중앙을 향해 斜刺 0.5～1寸

- 外上方으로 1.5～2寸 刺入

- 外膝眼으로 透刺",acupoint
EX-LE5,EX-LE,슬안,膝眼,경외기혈,"무릎부위, 무릎뼈 아래모서리, 무릎인대(ligamentum patellae)의 양쪽 오목한 곳으로, 안쪽을 內膝眼, 가쪽을 外膝眼이라 부른다.",,"무릎을 45° 구부리고, 무릎뼈 양쪽 아래의 오목한 곳에서 취혈한다.","- 무릎 중앙을 향해 斜刺 0.5～1寸

- 外膝眼에서는 內上方으로, 內膝眼에서는 外上方으로 1.5～2寸 刺入

- 外膝眼에서 內膝眼으로 또는 內膝眼에서 外膝眼으로 透刺.",acupoint
EX-LE6,EX-LE,담낭,膽囊,경외기혈,"종아리의 가쪽, 종아리뼈작은머리에서 앞쪽 모서리 아래로 1.5寸 지점의 오목한 곳.",,"바로 눕거나 또는 옆으로 누운 후, 종아리뼈작은머리에서 앞쪽 모서리 아래로 1.5寸 정도의 오목한 곳에서 壓通點이 뚜렷한 곳을 취혈한다.",- 直刺 1～2寸,acupoint
EX-LE7,EX-LE,난미,闌尾,경외기혈,"종아리의 앞 가쪽, 足三里(ST36)와 上巨虛(ST37) 사이의 壓通點으로, 足三里 아래 1.5～2寸 지점.",,"앉은 자세에서 발목에 힘을 빼거나, 또는 바로 누워 무릎을 굽힌 자세에서 足三里와 上巨虛 사이의 壓通點을 취혈한다.",- 直刺 0.5～0.8寸,acupoint
EX-LE8,EX-LE,내과첨,內踝尖,경외기혈,정강뼈(tibia) 안쪽복사뼈(medial malleolus)의 가장 융기된 곳.,,,- 點刺出血,acupoint
EX-LE9,EX-LE,외과첨,外踝尖,경외기혈,종아리뼈(fibula) 가쪽복사뼈(lateral malleolus)의 가장 융기된 곳.,,,- 點刺出血,acupoint
EX-LE10,EX-LE,팔풍,八風,경외기혈,"발등부위(dorsal part of foot), 다섯 발허리 발가락관절 사이의 오목한 부위 4개, 좌우 모두 8穴로, 발등과 발바닥의 경계면.",,,"- 直刺 0.1～0.3寸

- 斜刺 0.5～0.8寸

- 三稜鍼으로 點刺出血",acupoint
EX-LE11,EX-LE,독음,獨陰,경외기혈,둘째 발가락의 발바닥쪽에서 먼쪽손가락뼈 사이관절(distal interphalangeal joint)의 횡문 중앙.,,,- 直刺 0.1～0.2寸,acupoint
EX-LE12,EX-LE,기단,氣端,경외기혈,열발가락 끝에 위치하며 발톱에서 0.1寸 떨어진 지점.,,,- 直刺 0.1～0.2寸,acupoint
SA1,SA,머리,,표면해부학,"1. 전발제(前髮際) 중점-후발제(後髮際) 중점: 12촌
2. 백회(GV20) 잡는 법: 앞정중선 위, 전발제(前髮際)에서 위쪽으로 5촌에 위치하며 전발제(前髮際) 중점-후발제(後髮際) 중점을 12촌으로 잡고 그 중점에서 앞으로 1촌 내려온 지점.
3. 전발제(前髮際)가 분명하지 않은 경우 양 눈썹 사이 중점에서 후발제(後髮際)까지를 15촌으로 잡는다.
4. 후발제(後髮際)가 분명하지 않은 경우 대추(GV14)에서 후발제(後髮際) 중점까지를 3촌으로 하여 전발제(前髮際) 중점-대추(GV14)까지를 15촌으로 잡는다.
5. 전발제(前髮際) 중점-두유(ST8)까지 4.5촌으로 잡고 이를 기준으로 주변의 경혈들을 잡는다.",,,,acupoint
SA2,SA,,,표면해부학,"1. 척추뼈 사이를 잡아야 할 때는 베개나 쿠션을 아랫배 밑으로 넣어주면 요추 사이가 벌어져서 촉지가 쉬워지고 환자도 편하게 된다.
2. 4번 요추 찾기: 위앞엉덩뼈가시(Anterior superior iliac spine, ASIS)에 각각 손을 얹고 엉덩뼈능선(iliac crest)의 가장 높은 부분을 따라 뒤정중선과 만나는 지점이 4번 요추가 되고 약간 아래에 4번 요추의 가시뼈돌기(spinous process of 4th lumbar vertebra)를 잡는다.
3. 이를 기준으로 가시뼈돌기(spinous process)를 촉지해 가면서 척추뼈를 세어 올라간다.
4. 5번 요추는 엉치뼈(sacrum)의 바닥(base)을 확인하고 4번 요추와 사이에서 잡는다.",,,,acupoint
SA3,SA,칼몸통결합,,표면해부학,"1. 칼몸통결합(Xiphisternal junction) 찾기: 흉곽(rib cage)을 따라 만지면서 올라가다 보면 딱딱한 막힌 부분이 나오는데 이 부분이 복장뼈(sternum)와 칼돌기(xiphoid process)가 만나는 칼몸통결합(xiphisternal junction)이다.
2. 칼돌기(Xiphoid process)는 사람마다 모양과 위치가 달라서 이를 기준으로 삼지 말고 반드시 흉곽(rib cage)을 짚어 올라가서 막힌 부분 즉, 흉곽칼몸통결합(xiphisternal junction)을 찾아야 한다.",,,,acupoint
SA4,SA,갈비,,표면해부학,"1. 복장뼈각(Sternal angle)을 확인하고 그 높이에서 2번째 갈비뼈(2nd rib)와 그 아래에 있는 2번째 갈비사이공간(2nd intercostal space)을 확인한다.
2. 이후 갈비뼈(rib)를 하나씩 만져서 확인하면서 세어 내려가는 방식으로 갈비사이공간들(intercostal spaces)을 찾는다.
3. 남자는 젖꼭지(nipple)가 대부분 4번째와 5번째 갈비뼈 사이, 즉 4번째 갈비사이공간(4th intercostal space)에 위치하므로 이를 기준으로 삼을 수도 있다.",,,,acupoint
AA1,AA,귀의,,이침,"1. 이수(耳垂)
2. 이륜(耳輪)
3. 이륜결절(耳輪結節)
4. 이륜각(耳輪角)
5. 이주(耳珠), 이병(耳屛)
6. 주상절흔(珠上切痕), 병상절흔(屛上切痕)
7. 주하절흔(珠下切痕), 병하절흔(屛下切痕)
8. 대이병(對耳屛)
9. 병간절흔(屛間切痕)
10. 윤병절흔(輪屛切痕)
11. 대이륜(對耳輪)
12. 대이륜상각(對耳輪上脚)
13. 대이륜하각(對耳輪下脚)
14. 주상와(舟狀窩)
15. 삼각와(三角窩)
16. 이갑강(耳甲腔)
17. 이갑정(耳甲艇)
18. 이배(耳背)",,,,acupoint
AA2,AA,금연침,,이침,"금연침: 이신문, 인후, 내비, 내분비, 폐1, 폐2",,,,acupoint
AA3,AA,비만침,,이침,"비만침: 위, 비, 기점, 내분비",,,,acupoint
